query_text,program_text
show the task_id of this task,FilterType tasks root <nxt> FilterAttr task_id current_task_id prev <nxt> Unique prev <nxt> QueryAttr task_id prev <nxt> ShowInfo prev
display the task_id of this task,FilterType tasks root <nxt> FilterAttr task_id current_task_id prev <nxt> Unique prev <nxt> QueryAttr task_id prev <nxt> ShowInfo prev
demonstrate task_id of this task,FilterType tasks root <nxt> FilterAttr task_id current_task_id prev <nxt> Unique prev <nxt> QueryAttr task_id prev <nxt> ShowInfo prev
illustrate task_id of this task,FilterType tasks root <nxt> FilterAttr task_id current_task_id prev <nxt> Unique prev <nxt> QueryAttr task_id prev <nxt> ShowInfo prev
show the title of this task,FilterType tasks root <nxt> FilterAttr task_id current_task_id prev <nxt> Unique prev <nxt> QueryAttr title prev <nxt> ShowInfo prev
display the title of this task,FilterType tasks root <nxt> FilterAttr task_id current_task_id prev <nxt> Unique prev <nxt> QueryAttr title prev <nxt> ShowInfo prev
demonstrate title of this task,FilterType tasks root <nxt> FilterAttr task_id current_task_id prev <nxt> Unique prev <nxt> QueryAttr title prev <nxt> ShowInfo prev
illustrate title of this task,FilterType tasks root <nxt> FilterAttr task_id current_task_id prev <nxt> Unique prev <nxt> QueryAttr title prev <nxt> ShowInfo prev
show the subtask_id of this subtask,FilterType tasks root <nxt> FilterAttr task_id current_task_id prev <nxt> FilterType subtasks prev <nxt> FilterAttr subtask_id current_subtask_id prev <nxt> Unique prev <nxt> QueryAttr subtask_id prev <nxt> ShowInfo prev
display the subtask_id of this subtask,FilterType tasks root <nxt> FilterAttr task_id current_task_id prev <nxt> FilterType subtasks prev <nxt> FilterAttr subtask_id current_subtask_id prev <nxt> Unique prev <nxt> QueryAttr subtask_id prev <nxt> ShowInfo prev
demonstrate subtask_id of this subtask,FilterType tasks root <nxt> FilterAttr task_id current_task_id prev <nxt> FilterType subtasks prev <nxt> FilterAttr subtask_id current_subtask_id prev <nxt> Unique prev <nxt> QueryAttr subtask_id prev <nxt> ShowInfo prev
illustrate subtask_id of this subtask,FilterType tasks root <nxt> FilterAttr task_id current_task_id prev <nxt> FilterType subtasks prev <nxt> FilterAttr subtask_id current_subtask_id prev <nxt> Unique prev <nxt> QueryAttr subtask_id prev <nxt> ShowInfo prev
show the figure of this subtask,FilterType tasks root <nxt> FilterAttr task_id current_task_id prev <nxt> FilterType subtasks prev <nxt> FilterAttr subtask_id current_subtask_id prev <nxt> Unique prev <nxt> QueryAttr figure prev <nxt> ShowInfo prev
display the figure of this subtask,FilterType tasks root <nxt> FilterAttr task_id current_task_id prev <nxt> FilterType subtasks prev <nxt> FilterAttr subtask_id current_subtask_id prev <nxt> Unique prev <nxt> QueryAttr figure prev <nxt> ShowInfo prev
demonstrate figure of this subtask,FilterType tasks root <nxt> FilterAttr task_id current_task_id prev <nxt> FilterType subtasks prev <nxt> FilterAttr subtask_id current_subtask_id prev <nxt> Unique prev <nxt> QueryAttr figure prev <nxt> ShowInfo prev
illustrate figure of this subtask,FilterType tasks root <nxt> FilterAttr task_id current_task_id prev <nxt> FilterType subtasks prev <nxt> FilterAttr subtask_id current_subtask_id prev <nxt> Unique prev <nxt> QueryAttr figure prev <nxt> ShowInfo prev
show the content of this subtask,FilterType tasks root <nxt> FilterAttr task_id current_task_id prev <nxt> FilterType subtasks prev <nxt> FilterAttr subtask_id current_subtask_id prev <nxt> Unique prev <nxt> QueryAttr content prev <nxt> ShowInfo prev
display the content of this subtask,FilterType tasks root <nxt> FilterAttr task_id current_task_id prev <nxt> FilterType subtasks prev <nxt> FilterAttr subtask_id current_subtask_id prev <nxt> Unique prev <nxt> QueryAttr content prev <nxt> ShowInfo prev
demonstrate content of this subtask,FilterType tasks root <nxt> FilterAttr task_id current_task_id prev <nxt> FilterType subtasks prev <nxt> FilterAttr subtask_id current_subtask_id prev <nxt> Unique prev <nxt> QueryAttr content prev <nxt> ShowInfo prev
illustrate content of this subtask,FilterType tasks root <nxt> FilterAttr task_id current_task_id prev <nxt> FilterType subtasks prev <nxt> FilterAttr subtask_id current_subtask_id prev <nxt> Unique prev <nxt> QueryAttr content prev <nxt> ShowInfo prev
show the content of this instruction,FilterType tasks root <nxt> FilterAttr task_id current_task_id prev <nxt> FilterType subtasks prev <nxt> FilterAttr subtask_id current_subtask_id prev <nxt> FilterType instructions prev <nxt> FilterAttr order current_instruction_order prev <nxt> Unique prev <nxt> QueryAttr content prev <nxt> ShowInfo prev
display the content of this instruction,FilterType tasks root <nxt> FilterAttr task_id current_task_id prev <nxt> FilterType subtasks prev <nxt> FilterAttr subtask_id current_subtask_id prev <nxt> FilterType instructions prev <nxt> FilterAttr order current_instruction_order prev <nxt> Unique prev <nxt> QueryAttr content prev <nxt> ShowInfo prev
demonstrate content of this instruction,FilterType tasks root <nxt> FilterAttr task_id current_task_id prev <nxt> FilterType subtasks prev <nxt> FilterAttr subtask_id current_subtask_id prev <nxt> FilterType instructions prev <nxt> FilterAttr order current_instruction_order prev <nxt> Unique prev <nxt> QueryAttr content prev <nxt> ShowInfo prev
illustrate content of this instruction,FilterType tasks root <nxt> FilterAttr task_id current_task_id prev <nxt> FilterType subtasks prev <nxt> FilterAttr subtask_id current_subtask_id prev <nxt> FilterType instructions prev <nxt> FilterAttr order current_instruction_order prev <nxt> Unique prev <nxt> QueryAttr content prev <nxt> ShowInfo prev
show the order of this instruction,FilterType tasks root <nxt> FilterAttr task_id current_task_id prev <nxt> FilterType subtasks prev <nxt> FilterAttr subtask_id current_subtask_id prev <nxt> FilterType instructions prev <nxt> FilterAttr order current_instruction_order prev <nxt> Unique prev <nxt> QueryAttr order prev <nxt> ShowInfo prev
display the order of this instruction,FilterType tasks root <nxt> FilterAttr task_id current_task_id prev <nxt> FilterType subtasks prev <nxt> FilterAttr subtask_id current_subtask_id prev <nxt> FilterType instructions prev <nxt> FilterAttr order current_instruction_order prev <nxt> Unique prev <nxt> QueryAttr order prev <nxt> ShowInfo prev
demonstrate order of this instruction,FilterType tasks root <nxt> FilterAttr task_id current_task_id prev <nxt> FilterType subtasks prev <nxt> FilterAttr subtask_id current_subtask_id prev <nxt> FilterType instructions prev <nxt> FilterAttr order current_instruction_order prev <nxt> Unique prev <nxt> QueryAttr order prev <nxt> ShowInfo prev
illustrate order of this instruction,FilterType tasks root <nxt> FilterAttr task_id current_task_id prev <nxt> FilterType subtasks prev <nxt> FilterAttr subtask_id current_subtask_id prev <nxt> FilterType instructions prev <nxt> FilterAttr order current_instruction_order prev <nxt> Unique prev <nxt> QueryAttr order prev <nxt> ShowInfo prev
show the summary for this task,FilterType tasks root <nxt> FilterAttr task_id current_task_id prev <nxt> ShowInfo prev
display the summary for this task,FilterType tasks root <nxt> FilterAttr task_id current_task_id prev <nxt> ShowInfo prev
demonstrate summary for this task,FilterType tasks root <nxt> FilterAttr task_id current_task_id prev <nxt> ShowInfo prev
illustrate summary for this task,FilterType tasks root <nxt> FilterAttr task_id current_task_id prev <nxt> ShowInfo prev
show the summary for this subtask,FilterType tasks root <nxt> FilterAttr task_id current_task_id prev <nxt> FilterType subtasks prev <nxt> FilterAttr subtask_id current_subtask_id prev <nxt> ShowInfo prev
display the summary for this subtask,FilterType tasks root <nxt> FilterAttr task_id current_task_id prev <nxt> FilterType subtasks prev <nxt> FilterAttr subtask_id current_subtask_id prev <nxt> ShowInfo prev
demonstrate summary for this subtask,FilterType tasks root <nxt> FilterAttr task_id current_task_id prev <nxt> FilterType subtasks prev <nxt> FilterAttr subtask_id current_subtask_id prev <nxt> ShowInfo prev
illustrate summary for this subtask,FilterType tasks root <nxt> FilterAttr task_id current_task_id prev <nxt> FilterType subtasks prev <nxt> FilterAttr subtask_id current_subtask_id prev <nxt> ShowInfo prev
show the summary for this instruction,FilterType tasks root <nxt> FilterAttr task_id current_task_id prev <nxt> FilterType subtasks prev <nxt> FilterAttr subtask_id current_subtask_id prev <nxt> FilterType instructions prev <nxt> FilterAttr order current_instruction_order prev <nxt> ShowInfo prev
display the summary for this instruction,FilterType tasks root <nxt> FilterAttr task_id current_task_id prev <nxt> FilterType subtasks prev <nxt> FilterAttr subtask_id current_subtask_id prev <nxt> FilterType instructions prev <nxt> FilterAttr order current_instruction_order prev <nxt> ShowInfo prev
demonstrate summary for this instruction,FilterType tasks root <nxt> FilterAttr task_id current_task_id prev <nxt> FilterType subtasks prev <nxt> FilterAttr subtask_id current_subtask_id prev <nxt> FilterType instructions prev <nxt> FilterAttr order current_instruction_order prev <nxt> ShowInfo prev
illustrate summary for this instruction,FilterType tasks root <nxt> FilterAttr task_id current_task_id prev <nxt> FilterType subtasks prev <nxt> FilterAttr subtask_id current_subtask_id prev <nxt> FilterType instructions prev <nxt> FilterAttr order current_instruction_order prev <nxt> ShowInfo prev
execute this subtask,FilterType tasks root <nxt> FilterAttr task_id current_task_id prev <nxt> FilterType subtasks prev <nxt> FilterAttr subtask_id current_subtask_id prev <nxt> FilterType instructions prev <nxt> FilterType actions prev <nxt> ExecuteType subtasks prev
show execution of this subtask,FilterType tasks root <nxt> FilterAttr task_id current_task_id prev <nxt> FilterType subtasks prev <nxt> FilterAttr subtask_id current_subtask_id prev <nxt> FilterType instructions prev <nxt> FilterType actions prev <nxt> ExecuteType subtasks prev
run this subtask,FilterType tasks root <nxt> FilterAttr task_id current_task_id prev <nxt> FilterType subtasks prev <nxt> FilterAttr subtask_id current_subtask_id prev <nxt> FilterType instructions prev <nxt> FilterType actions prev <nxt> ExecuteType subtasks prev
run execution of this subtask,FilterType tasks root <nxt> FilterAttr task_id current_task_id prev <nxt> FilterType subtasks prev <nxt> FilterAttr subtask_id current_subtask_id prev <nxt> FilterType instructions prev <nxt> FilterType actions prev <nxt> ExecuteType subtasks prev
perform execution of this subtask,FilterType tasks root <nxt> FilterAttr task_id current_task_id prev <nxt> FilterType subtasks prev <nxt> FilterAttr subtask_id current_subtask_id prev <nxt> FilterType instructions prev <nxt> FilterType actions prev <nxt> ExecuteType subtasks prev
play execution of this subtask,FilterType tasks root <nxt> FilterAttr task_id current_task_id prev <nxt> FilterType subtasks prev <nxt> FilterAttr subtask_id current_subtask_id prev <nxt> FilterType instructions prev <nxt> FilterType actions prev <nxt> ExecuteType subtasks prev
present execution of this subtask,FilterType tasks root <nxt> FilterAttr task_id current_task_id prev <nxt> FilterType subtasks prev <nxt> FilterAttr subtask_id current_subtask_id prev <nxt> FilterType instructions prev <nxt> FilterType actions prev <nxt> ExecuteType subtasks prev
execute this instruction,FilterType tasks root <nxt> FilterAttr task_id current_task_id prev <nxt> FilterType subtasks prev <nxt> FilterAttr subtask_id current_subtask_id prev <nxt> FilterType instructions prev <nxt> FilterAttr order current_instruction_order prev <nxt> FilterType actions prev <nxt> ExecuteType instructions prev
show execution of this instruction,FilterType tasks root <nxt> FilterAttr task_id current_task_id prev <nxt> FilterType subtasks prev <nxt> FilterAttr subtask_id current_subtask_id prev <nxt> FilterType instructions prev <nxt> FilterAttr order current_instruction_order prev <nxt> FilterType actions prev <nxt> ExecuteType instructions prev
run this instruction,FilterType tasks root <nxt> FilterAttr task_id current_task_id prev <nxt> FilterType subtasks prev <nxt> FilterAttr subtask_id current_subtask_id prev <nxt> FilterType instructions prev <nxt> FilterAttr order current_instruction_order prev <nxt> FilterType actions prev <nxt> ExecuteType instructions prev
run execution of this instruction,FilterType tasks root <nxt> FilterAttr task_id current_task_id prev <nxt> FilterType subtasks prev <nxt> FilterAttr subtask_id current_subtask_id prev <nxt> FilterType instructions prev <nxt> FilterAttr order current_instruction_order prev <nxt> FilterType actions prev <nxt> ExecuteType instructions prev
perform execution of this instruction,FilterType tasks root <nxt> FilterAttr task_id current_task_id prev <nxt> FilterType subtasks prev <nxt> FilterAttr subtask_id current_subtask_id prev <nxt> FilterType instructions prev <nxt> FilterAttr order current_instruction_order prev <nxt> FilterType actions prev <nxt> ExecuteType instructions prev
play execution of this instruction,FilterType tasks root <nxt> FilterAttr task_id current_task_id prev <nxt> FilterType subtasks prev <nxt> FilterAttr subtask_id current_subtask_id prev <nxt> FilterType instructions prev <nxt> FilterAttr order current_instruction_order prev <nxt> FilterType actions prev <nxt> ExecuteType instructions prev
present execution of this instruction,FilterType tasks root <nxt> FilterAttr task_id current_task_id prev <nxt> FilterType subtasks prev <nxt> FilterAttr subtask_id current_subtask_id prev <nxt> FilterType instructions prev <nxt> FilterAttr order current_instruction_order prev <nxt> FilterType actions prev <nxt> ExecuteType instructions prev
detach <NUMBER> from <NUMBER>,ExtractNumbers Query <nxt> CreateActions detach Yes prev <nxt> SaveVal2Var prev var_1 <nxt> FilterType tasks root <nxt> FilterAttr task_id current_task_id prev <nxt> FilterType subtasks prev <nxt> FilterAttr subtask_id current_subtask_id prev <nxt> FilterType instructions prev <nxt> FilterAttr order current_instruction_order prev <nxt> FilterType actions prev <nxt> CheckActionsValidity val_1 prev <nxt> Detach prev val_1
detach <NUMBER> <NUMBER> from <NUMBER>,ExtractNumbers Query <nxt> CreateActions detach Yes prev <nxt> SaveVal2Var prev var_1 <nxt> FilterType tasks root <nxt> FilterAttr task_id current_task_id prev <nxt> FilterType subtasks prev <nxt> FilterAttr subtask_id current_subtask_id prev <nxt> FilterType instructions prev <nxt> FilterAttr order current_instruction_order prev <nxt> FilterType actions prev <nxt> CheckActionsValidity val_1 prev <nxt> Detach prev val_1
detach <NUMBER> <NUMBER> <NUMBER> from <NUMBER>,ExtractNumbers Query <nxt> CreateActions detach Yes prev <nxt> SaveVal2Var prev var_1 <nxt> FilterType tasks root <nxt> FilterAttr task_id current_task_id prev <nxt> FilterType subtasks prev <nxt> FilterAttr subtask_id current_subtask_id prev <nxt> FilterType instructions prev <nxt> FilterAttr order current_instruction_order prev <nxt> FilterType actions prev <nxt> CheckActionsValidity val_1 prev <nxt> Detach prev val_1
remove <NUMBER> from <NUMBER>,ExtractNumbers Query <nxt> CreateActions detach Yes prev <nxt> SaveVal2Var prev var_1 <nxt> FilterType tasks root <nxt> FilterAttr task_id current_task_id prev <nxt> FilterType subtasks prev <nxt> FilterAttr subtask_id current_subtask_id prev <nxt> FilterType instructions prev <nxt> FilterAttr order current_instruction_order prev <nxt> FilterType actions prev <nxt> CheckActionsValidity val_1 prev <nxt> Detach prev val_1
remove <NUMBER> <NUMBER> from <NUMBER>,ExtractNumbers Query <nxt> CreateActions detach Yes prev <nxt> SaveVal2Var prev var_1 <nxt> FilterType tasks root <nxt> FilterAttr task_id current_task_id prev <nxt> FilterType subtasks prev <nxt> FilterAttr subtask_id current_subtask_id prev <nxt> FilterType instructions prev <nxt> FilterAttr order current_instruction_order prev <nxt> FilterType actions prev <nxt> CheckActionsValidity val_1 prev <nxt> Detach prev val_1
remove <NUMBER> <NUMBER> <NUMBER> from <NUMBER>,ExtractNumbers Query <nxt> CreateActions detach Yes prev <nxt> SaveVal2Var prev var_1 <nxt> FilterType tasks root <nxt> FilterAttr task_id current_task_id prev <nxt> FilterType subtasks prev <nxt> FilterAttr subtask_id current_subtask_id prev <nxt> FilterType instructions prev <nxt> FilterAttr order current_instruction_order prev <nxt> FilterType actions prev <nxt> CheckActionsValidity val_1 prev <nxt> Detach prev val_1
disconnect <NUMBER> from <NUMBER>,ExtractNumbers Query <nxt> CreateActions detach Yes prev <nxt> SaveVal2Var prev var_1 <nxt> FilterType tasks root <nxt> FilterAttr task_id current_task_id prev <nxt> FilterType subtasks prev <nxt> FilterAttr subtask_id current_subtask_id prev <nxt> FilterType instructions prev <nxt> FilterAttr order current_instruction_order prev <nxt> FilterType actions prev <nxt> CheckActionsValidity val_1 prev <nxt> Detach prev val_1
disconnect <NUMBER> <NUMBER> from <NUMBER>,ExtractNumbers Query <nxt> CreateActions detach Yes prev <nxt> SaveVal2Var prev var_1 <nxt> FilterType tasks root <nxt> FilterAttr task_id current_task_id prev <nxt> FilterType subtasks prev <nxt> FilterAttr subtask_id current_subtask_id prev <nxt> FilterType instructions prev <nxt> FilterAttr order current_instruction_order prev <nxt> FilterType actions prev <nxt> CheckActionsValidity val_1 prev <nxt> Detach prev val_1
disconnect <NUMBER> <NUMBER> <NUMBER> from <NUMBER>,ExtractNumbers Query <nxt> CreateActions detach Yes prev <nxt> SaveVal2Var prev var_1 <nxt> FilterType tasks root <nxt> FilterAttr task_id current_task_id prev <nxt> FilterType subtasks prev <nxt> FilterAttr subtask_id current_subtask_id prev <nxt> FilterType instructions prev <nxt> FilterAttr order current_instruction_order prev <nxt> FilterType actions prev <nxt> CheckActionsValidity val_1 prev <nxt> Detach prev val_1
uninstall <NUMBER> from <NUMBER>,ExtractNumbers Query <nxt> CreateActions detach Yes prev <nxt> SaveVal2Var prev var_1 <nxt> FilterType tasks root <nxt> FilterAttr task_id current_task_id prev <nxt> FilterType subtasks prev <nxt> FilterAttr subtask_id current_subtask_id prev <nxt> FilterType instructions prev <nxt> FilterAttr order current_instruction_order prev <nxt> FilterType actions prev <nxt> CheckActionsValidity val_1 prev <nxt> Detach prev val_1
uninstall <NUMBER> <NUMBER> from <NUMBER>,ExtractNumbers Query <nxt> CreateActions detach Yes prev <nxt> SaveVal2Var prev var_1 <nxt> FilterType tasks root <nxt> FilterAttr task_id current_task_id prev <nxt> FilterType subtasks prev <nxt> FilterAttr subtask_id current_subtask_id prev <nxt> FilterType instructions prev <nxt> FilterAttr order current_instruction_order prev <nxt> FilterType actions prev <nxt> CheckActionsValidity val_1 prev <nxt> Detach prev val_1
uninstall <NUMBER> <NUMBER> <NUMBER> from <NUMBER>,ExtractNumbers Query <nxt> CreateActions detach Yes prev <nxt> SaveVal2Var prev var_1 <nxt> FilterType tasks root <nxt> FilterAttr task_id current_task_id prev <nxt> FilterType subtasks prev <nxt> FilterAttr subtask_id current_subtask_id prev <nxt> FilterType instructions prev <nxt> FilterAttr order current_instruction_order prev <nxt> FilterType actions prev <nxt> CheckActionsValidity val_1 prev <nxt> Detach prev val_1
disassemble <NUMBER> from <NUMBER>,ExtractNumbers Query <nxt> CreateActions detach Yes prev <nxt> SaveVal2Var prev var_1 <nxt> FilterType tasks root <nxt> FilterAttr task_id current_task_id prev <nxt> FilterType subtasks prev <nxt> FilterAttr subtask_id current_subtask_id prev <nxt> FilterType instructions prev <nxt> FilterAttr order current_instruction_order prev <nxt> FilterType actions prev <nxt> CheckActionsValidity val_1 prev <nxt> Detach prev val_1
disassemble <NUMBER> <NUMBER> from <NUMBER>,ExtractNumbers Query <nxt> CreateActions detach Yes prev <nxt> SaveVal2Var prev var_1 <nxt> FilterType tasks root <nxt> FilterAttr task_id current_task_id prev <nxt> FilterType subtasks prev <nxt> FilterAttr subtask_id current_subtask_id prev <nxt> FilterType instructions prev <nxt> FilterAttr order current_instruction_order prev <nxt> FilterType actions prev <nxt> CheckActionsValidity val_1 prev <nxt> Detach prev val_1
disassemble <NUMBER> <NUMBER> <NUMBER> from <NUMBER>,ExtractNumbers Query <nxt> CreateActions detach Yes prev <nxt> SaveVal2Var prev var_1 <nxt> FilterType tasks root <nxt> FilterAttr task_id current_task_id prev <nxt> FilterType subtasks prev <nxt> FilterAttr subtask_id current_subtask_id prev <nxt> FilterType instructions prev <nxt> FilterAttr order current_instruction_order prev <nxt> FilterType actions prev <nxt> CheckActionsValidity val_1 prev <nxt> Detach prev val_1
isolate <NUMBER> from <NUMBER>,ExtractNumbers Query <nxt> CreateActions detach Yes prev <nxt> SaveVal2Var prev var_1 <nxt> FilterType tasks root <nxt> FilterAttr task_id current_task_id prev <nxt> FilterType subtasks prev <nxt> FilterAttr subtask_id current_subtask_id prev <nxt> FilterType instructions prev <nxt> FilterAttr order current_instruction_order prev <nxt> FilterType actions prev <nxt> CheckActionsValidity val_1 prev <nxt> Detach prev val_1
isolate <NUMBER> <NUMBER> from <NUMBER>,ExtractNumbers Query <nxt> CreateActions detach Yes prev <nxt> SaveVal2Var prev var_1 <nxt> FilterType tasks root <nxt> FilterAttr task_id current_task_id prev <nxt> FilterType subtasks prev <nxt> FilterAttr subtask_id current_subtask_id prev <nxt> FilterType instructions prev <nxt> FilterAttr order current_instruction_order prev <nxt> FilterType actions prev <nxt> CheckActionsValidity val_1 prev <nxt> Detach prev val_1
isolate <NUMBER> <NUMBER> <NUMBER> from <NUMBER>,ExtractNumbers Query <nxt> CreateActions detach Yes prev <nxt> SaveVal2Var prev var_1 <nxt> FilterType tasks root <nxt> FilterAttr task_id current_task_id prev <nxt> FilterType subtasks prev <nxt> FilterAttr subtask_id current_subtask_id prev <nxt> FilterType instructions prev <nxt> FilterAttr order current_instruction_order prev <nxt> FilterType actions prev <nxt> CheckActionsValidity val_1 prev <nxt> Detach prev val_1
separate <NUMBER> from <NUMBER>,ExtractNumbers Query <nxt> CreateActions detach Yes prev <nxt> SaveVal2Var prev var_1 <nxt> FilterType tasks root <nxt> FilterAttr task_id current_task_id prev <nxt> FilterType subtasks prev <nxt> FilterAttr subtask_id current_subtask_id prev <nxt> FilterType instructions prev <nxt> FilterAttr order current_instruction_order prev <nxt> FilterType actions prev <nxt> CheckActionsValidity val_1 prev <nxt> Detach prev val_1
separate <NUMBER> <NUMBER> from <NUMBER>,ExtractNumbers Query <nxt> CreateActions detach Yes prev <nxt> SaveVal2Var prev var_1 <nxt> FilterType tasks root <nxt> FilterAttr task_id current_task_id prev <nxt> FilterType subtasks prev <nxt> FilterAttr subtask_id current_subtask_id prev <nxt> FilterType instructions prev <nxt> FilterAttr order current_instruction_order prev <nxt> FilterType actions prev <nxt> CheckActionsValidity val_1 prev <nxt> Detach prev val_1
separate <NUMBER> <NUMBER> <NUMBER> from <NUMBER>,ExtractNumbers Query <nxt> CreateActions detach Yes prev <nxt> SaveVal2Var prev var_1 <nxt> FilterType tasks root <nxt> FilterAttr task_id current_task_id prev <nxt> FilterType subtasks prev <nxt> FilterAttr subtask_id current_subtask_id prev <nxt> FilterType instructions prev <nxt> FilterAttr order current_instruction_order prev <nxt> FilterType actions prev <nxt> CheckActionsValidity val_1 prev <nxt> Detach prev val_1
attach <NUMBER> to <NUMBER>,ExtractNumbers Query <nxt> CreateActions attach Yes prev <nxt> SaveVal2Var prev var_1 <nxt> FilterType tasks root <nxt> FilterAttr task_id current_task_id prev <nxt> FilterType subtasks prev <nxt> FilterAttr subtask_id current_subtask_id prev <nxt> FilterType instructions prev <nxt> FilterAttr order current_instruction_order prev <nxt> FilterType actions prev <nxt> CheckActionsValidity val_1 prev <nxt> Attach prev val_1
attach <NUMBER> <NUMBER> to <NUMBER>,ExtractNumbers Query <nxt> CreateActions attach Yes prev <nxt> SaveVal2Var prev var_1 <nxt> FilterType tasks root <nxt> FilterAttr task_id current_task_id prev <nxt> FilterType subtasks prev <nxt> FilterAttr subtask_id current_subtask_id prev <nxt> FilterType instructions prev <nxt> FilterAttr order current_instruction_order prev <nxt> FilterType actions prev <nxt> CheckActionsValidity val_1 prev <nxt> Attach prev val_1
install <NUMBER> to <NUMBER>,ExtractNumbers Query <nxt> CreateActions attach Yes prev <nxt> SaveVal2Var prev var_1 <nxt> FilterType tasks root <nxt> FilterAttr task_id current_task_id prev <nxt> FilterType subtasks prev <nxt> FilterAttr subtask_id current_subtask_id prev <nxt> FilterType instructions prev <nxt> FilterAttr order current_instruction_order prev <nxt> FilterType actions prev <nxt> CheckActionsValidity val_1 prev <nxt> Attach prev val_1
install <NUMBER> <NUMBER> to <NUMBER>,ExtractNumbers Query <nxt> CreateActions attach Yes prev <nxt> SaveVal2Var prev var_1 <nxt> FilterType tasks root <nxt> FilterAttr task_id current_task_id prev <nxt> FilterType subtasks prev <nxt> FilterAttr subtask_id current_subtask_id prev <nxt> FilterType instructions prev <nxt> FilterAttr order current_instruction_order prev <nxt> FilterType actions prev <nxt> CheckActionsValidity val_1 prev <nxt> Attach prev val_1
connect <NUMBER> to <NUMBER>,ExtractNumbers Query <nxt> CreateActions attach Yes prev <nxt> SaveVal2Var prev var_1 <nxt> FilterType tasks root <nxt> FilterAttr task_id current_task_id prev <nxt> FilterType subtasks prev <nxt> FilterAttr subtask_id current_subtask_id prev <nxt> FilterType instructions prev <nxt> FilterAttr order current_instruction_order prev <nxt> FilterType actions prev <nxt> CheckActionsValidity val_1 prev <nxt> Attach prev val_1
connect <NUMBER> <NUMBER> to <NUMBER>,ExtractNumbers Query <nxt> CreateActions attach Yes prev <nxt> SaveVal2Var prev var_1 <nxt> FilterType tasks root <nxt> FilterAttr task_id current_task_id prev <nxt> FilterType subtasks prev <nxt> FilterAttr subtask_id current_subtask_id prev <nxt> FilterType instructions prev <nxt> FilterAttr order current_instruction_order prev <nxt> FilterType actions prev <nxt> CheckActionsValidity val_1 prev <nxt> Attach prev val_1
put <NUMBER> to <NUMBER>,ExtractNumbers Query <nxt> CreateActions attach Yes prev <nxt> SaveVal2Var prev var_1 <nxt> FilterType tasks root <nxt> FilterAttr task_id current_task_id prev <nxt> FilterType subtasks prev <nxt> FilterAttr subtask_id current_subtask_id prev <nxt> FilterType instructions prev <nxt> FilterAttr order current_instruction_order prev <nxt> FilterType actions prev <nxt> CheckActionsValidity val_1 prev <nxt> Attach prev val_1
put <NUMBER> <NUMBER> to <NUMBER>,ExtractNumbers Query <nxt> CreateActions attach Yes prev <nxt> SaveVal2Var prev var_1 <nxt> FilterType tasks root <nxt> FilterAttr task_id current_task_id prev <nxt> FilterType subtasks prev <nxt> FilterAttr subtask_id current_subtask_id prev <nxt> FilterType instructions prev <nxt> FilterAttr order current_instruction_order prev <nxt> FilterType actions prev <nxt> CheckActionsValidity val_1 prev <nxt> Attach prev val_1
position <NUMBER> to <NUMBER>,ExtractNumbers Query <nxt> CreateActions attach Yes prev <nxt> SaveVal2Var prev var_1 <nxt> FilterType tasks root <nxt> FilterAttr task_id current_task_id prev <nxt> FilterType subtasks prev <nxt> FilterAttr subtask_id current_subtask_id prev <nxt> FilterType instructions prev <nxt> FilterAttr order current_instruction_order prev <nxt> FilterType actions prev <nxt> CheckActionsValidity val_1 prev <nxt> Attach prev val_1
position <NUMBER> <NUMBER> to <NUMBER>,ExtractNumbers Query <nxt> CreateActions attach Yes prev <nxt> SaveVal2Var prev var_1 <nxt> FilterType tasks root <nxt> FilterAttr task_id current_task_id prev <nxt> FilterType subtasks prev <nxt> FilterAttr subtask_id current_subtask_id prev <nxt> FilterType instructions prev <nxt> FilterAttr order current_instruction_order prev <nxt> FilterType actions prev <nxt> CheckActionsValidity val_1 prev <nxt> Attach prev val_1
locate <NUMBER> to <NUMBER>,ExtractNumbers Query <nxt> CreateActions attach Yes prev <nxt> SaveVal2Var prev var_1 <nxt> FilterType tasks root <nxt> FilterAttr task_id current_task_id prev <nxt> FilterType subtasks prev <nxt> FilterAttr subtask_id current_subtask_id prev <nxt> FilterType instructions prev <nxt> FilterAttr order current_instruction_order prev <nxt> FilterType actions prev <nxt> CheckActionsValidity val_1 prev <nxt> Attach prev val_1
locate <NUMBER> <NUMBER> to <NUMBER>,ExtractNumbers Query <nxt> CreateActions attach Yes prev <nxt> SaveVal2Var prev var_1 <nxt> FilterType tasks root <nxt> FilterAttr task_id current_task_id prev <nxt> FilterType subtasks prev <nxt> FilterAttr subtask_id current_subtask_id prev <nxt> FilterType instructions prev <nxt> FilterAttr order current_instruction_order prev <nxt> FilterType actions prev <nxt> CheckActionsValidity val_1 prev <nxt> Attach prev val_1
show the left side of this figure,FilterType tasks root <nxt> FilterAttr task_id current_task_id prev <nxt> FilterType subtasks prev <nxt> FilterAttr subtask_id current_subtask_id prev <nxt> Unique prev <nxt> QueryAttr figure prev <nxt> Filter3DAttr name prev root3D <nxt> Unique prev <nxt> ShowSide left prev
show the right side of this figure,FilterType tasks root <nxt> FilterAttr task_id current_task_id prev <nxt> FilterType subtasks prev <nxt> FilterAttr subtask_id current_subtask_id prev <nxt> Unique prev <nxt> QueryAttr figure prev <nxt> Filter3DAttr name prev root3D <nxt> Unique prev <nxt> ShowSide right prev
show the top side of this figure,FilterType tasks root <nxt> FilterAttr task_id current_task_id prev <nxt> FilterType subtasks prev <nxt> FilterAttr subtask_id current_subtask_id prev <nxt> Unique prev <nxt> QueryAttr figure prev <nxt> Filter3DAttr name prev root3D <nxt> Unique prev <nxt> ShowSide top prev
show the bottom side of this figure,FilterType tasks root <nxt> FilterAttr task_id current_task_id prev <nxt> FilterType subtasks prev <nxt> FilterAttr subtask_id current_subtask_id prev <nxt> Unique prev <nxt> QueryAttr figure prev <nxt> Filter3DAttr name prev root3D <nxt> Unique prev <nxt> ShowSide bottom prev
show the front side of this figure,FilterType tasks root <nxt> FilterAttr task_id current_task_id prev <nxt> FilterType subtasks prev <nxt> FilterAttr subtask_id current_subtask_id prev <nxt> Unique prev <nxt> QueryAttr figure prev <nxt> Filter3DAttr name prev root3D <nxt> Unique prev <nxt> ShowSide front prev
show the bottom side of this figure,FilterType tasks root <nxt> FilterAttr task_id current_task_id prev <nxt> FilterType subtasks prev <nxt> FilterAttr subtask_id current_subtask_id prev <nxt> Unique prev <nxt> QueryAttr figure prev <nxt> Filter3DAttr name prev root3D <nxt> Unique prev <nxt> ShowSide bottom prev
display the left side of this figure,FilterType tasks root <nxt> FilterAttr task_id current_task_id prev <nxt> FilterType subtasks prev <nxt> FilterAttr subtask_id current_subtask_id prev <nxt> Unique prev <nxt> QueryAttr figure prev <nxt> Filter3DAttr name prev root3D <nxt> Unique prev <nxt> ShowSide left prev
display the right side of this figure,FilterType tasks root <nxt> FilterAttr task_id current_task_id prev <nxt> FilterType subtasks prev <nxt> FilterAttr subtask_id current_subtask_id prev <nxt> Unique prev <nxt> QueryAttr figure prev <nxt> Filter3DAttr name prev root3D <nxt> Unique prev <nxt> ShowSide right prev
display the top side of this figure,FilterType tasks root <nxt> FilterAttr task_id current_task_id prev <nxt> FilterType subtasks prev <nxt> FilterAttr subtask_id current_subtask_id prev <nxt> Unique prev <nxt> QueryAttr figure prev <nxt> Filter3DAttr name prev root3D <nxt> Unique prev <nxt> ShowSide top prev
display the bottom side of this figure,FilterType tasks root <nxt> FilterAttr task_id current_task_id prev <nxt> FilterType subtasks prev <nxt> FilterAttr subtask_id current_subtask_id prev <nxt> Unique prev <nxt> QueryAttr figure prev <nxt> Filter3DAttr name prev root3D <nxt> Unique prev <nxt> ShowSide bottom prev
display the front side of this figure,FilterType tasks root <nxt> FilterAttr task_id current_task_id prev <nxt> FilterType subtasks prev <nxt> FilterAttr subtask_id current_subtask_id prev <nxt> Unique prev <nxt> QueryAttr figure prev <nxt> Filter3DAttr name prev root3D <nxt> Unique prev <nxt> ShowSide front prev
display the bottom side of this figure,FilterType tasks root <nxt> FilterAttr task_id current_task_id prev <nxt> FilterType subtasks prev <nxt> FilterAttr subtask_id current_subtask_id prev <nxt> Unique prev <nxt> QueryAttr figure prev <nxt> Filter3DAttr name prev root3D <nxt> Unique prev <nxt> ShowSide bottom prev
demonstrate left side of this figure,FilterType tasks root <nxt> FilterAttr task_id current_task_id prev <nxt> FilterType subtasks prev <nxt> FilterAttr subtask_id current_subtask_id prev <nxt> Unique prev <nxt> QueryAttr figure prev <nxt> Filter3DAttr name prev root3D <nxt> Unique prev <nxt> ShowSide left prev
demonstrate right side of this figure,FilterType tasks root <nxt> FilterAttr task_id current_task_id prev <nxt> FilterType subtasks prev <nxt> FilterAttr subtask_id current_subtask_id prev <nxt> Unique prev <nxt> QueryAttr figure prev <nxt> Filter3DAttr name prev root3D <nxt> Unique prev <nxt> ShowSide right prev
demonstrate top side of this figure,FilterType tasks root <nxt> FilterAttr task_id current_task_id prev <nxt> FilterType subtasks prev <nxt> FilterAttr subtask_id current_subtask_id prev <nxt> Unique prev <nxt> QueryAttr figure prev <nxt> Filter3DAttr name prev root3D <nxt> Unique prev <nxt> ShowSide top prev
demonstrate bottom side of this figure,FilterType tasks root <nxt> FilterAttr task_id current_task_id prev <nxt> FilterType subtasks prev <nxt> FilterAttr subtask_id current_subtask_id prev <nxt> Unique prev <nxt> QueryAttr figure prev <nxt> Filter3DAttr name prev root3D <nxt> Unique prev <nxt> ShowSide bottom prev
demonstrate front side of this figure,FilterType tasks root <nxt> FilterAttr task_id current_task_id prev <nxt> FilterType subtasks prev <nxt> FilterAttr subtask_id current_subtask_id prev <nxt> Unique prev <nxt> QueryAttr figure prev <nxt> Filter3DAttr name prev root3D <nxt> Unique prev <nxt> ShowSide front prev
demonstrate bottom side of this figure,FilterType tasks root <nxt> FilterAttr task_id current_task_id prev <nxt> FilterType subtasks prev <nxt> FilterAttr subtask_id current_subtask_id prev <nxt> Unique prev <nxt> QueryAttr figure prev <nxt> Filter3DAttr name prev root3D <nxt> Unique prev <nxt> ShowSide bottom prev
illustrate left side of this figure,FilterType tasks root <nxt> FilterAttr task_id current_task_id prev <nxt> FilterType subtasks prev <nxt> FilterAttr subtask_id current_subtask_id prev <nxt> Unique prev <nxt> QueryAttr figure prev <nxt> Filter3DAttr name prev root3D <nxt> Unique prev <nxt> ShowSide left prev
illustrate right side of this figure,FilterType tasks root <nxt> FilterAttr task_id current_task_id prev <nxt> FilterType subtasks prev <nxt> FilterAttr subtask_id current_subtask_id prev <nxt> Unique prev <nxt> QueryAttr figure prev <nxt> Filter3DAttr name prev root3D <nxt> Unique prev <nxt> ShowSide right prev
illustrate top side of this figure,FilterType tasks root <nxt> FilterAttr task_id current_task_id prev <nxt> FilterType subtasks prev <nxt> FilterAttr subtask_id current_subtask_id prev <nxt> Unique prev <nxt> QueryAttr figure prev <nxt> Filter3DAttr name prev root3D <nxt> Unique prev <nxt> ShowSide top prev
illustrate bottom side of this figure,FilterType tasks root <nxt> FilterAttr task_id current_task_id prev <nxt> FilterType subtasks prev <nxt> FilterAttr subtask_id current_subtask_id prev <nxt> Unique prev <nxt> QueryAttr figure prev <nxt> Filter3DAttr name prev root3D <nxt> Unique prev <nxt> ShowSide bottom prev
illustrate front side of this figure,FilterType tasks root <nxt> FilterAttr task_id current_task_id prev <nxt> FilterType subtasks prev <nxt> FilterAttr subtask_id current_subtask_id prev <nxt> Unique prev <nxt> QueryAttr figure prev <nxt> Filter3DAttr name prev root3D <nxt> Unique prev <nxt> ShowSide front prev
illustrate bottom side of this figure,FilterType tasks root <nxt> FilterAttr task_id current_task_id prev <nxt> FilterType subtasks prev <nxt> FilterAttr subtask_id current_subtask_id prev <nxt> Unique prev <nxt> QueryAttr figure prev <nxt> Filter3DAttr name prev root3D <nxt> Unique prev <nxt> ShowSide bottom prev
show highlight of <NUMBER>,ExtractNumbers Query <nxt> SaveVal2Var prev var_1 <nxt> FilterType tasks root <nxt> FilterAttr task_id current_task_id prev <nxt> FilterType subtasks prev <nxt> FilterAttr subtask_id current_subtask_id prev <nxt> Unique prev <nxt> QueryAttr figure prev <nxt> Filter3DAttr name prev root3D <nxt> Unique prev <nxt> Filter3DAttr items val_1 prev <nxt> Highlight on prev
show highlight of <NUMBER> <NUMBER>,ExtractNumbers Query <nxt> SaveVal2Var prev var_1 <nxt> FilterType tasks root <nxt> FilterAttr task_id current_task_id prev <nxt> FilterType subtasks prev <nxt> FilterAttr subtask_id current_subtask_id prev <nxt> Unique prev <nxt> QueryAttr figure prev <nxt> Filter3DAttr name prev root3D <nxt> Unique prev <nxt> Filter3DAttr items val_1 prev <nxt> Highlight on prev
show highlight of <NUMBER> <NUMBER> <NUMBER>,ExtractNumbers Query <nxt> SaveVal2Var prev var_1 <nxt> FilterType tasks root <nxt> FilterAttr task_id current_task_id prev <nxt> FilterType subtasks prev <nxt> FilterAttr subtask_id current_subtask_id prev <nxt> Unique prev <nxt> QueryAttr figure prev <nxt> Filter3DAttr name prev root3D <nxt> Unique prev <nxt> Filter3DAttr items val_1 prev <nxt> Highlight on prev
highlight <NUMBER>,ExtractNumbers Query <nxt> SaveVal2Var prev var_1 <nxt> FilterType tasks root <nxt> FilterAttr task_id current_task_id prev <nxt> FilterType subtasks prev <nxt> FilterAttr subtask_id current_subtask_id prev <nxt> Unique prev <nxt> QueryAttr figure prev <nxt> Filter3DAttr name prev root3D <nxt> Unique prev <nxt> Filter3DAttr items val_1 prev <nxt> Highlight on prev
highlight <NUMBER> <NUMBER>,ExtractNumbers Query <nxt> SaveVal2Var prev var_1 <nxt> FilterType tasks root <nxt> FilterAttr task_id current_task_id prev <nxt> FilterType subtasks prev <nxt> FilterAttr subtask_id current_subtask_id prev <nxt> Unique prev <nxt> QueryAttr figure prev <nxt> Filter3DAttr name prev root3D <nxt> Unique prev <nxt> Filter3DAttr items val_1 prev <nxt> Highlight on prev
highlight <NUMBER> <NUMBER> <NUMBER>,ExtractNumbers Query <nxt> SaveVal2Var prev var_1 <nxt> FilterType tasks root <nxt> FilterAttr task_id current_task_id prev <nxt> FilterType subtasks prev <nxt> FilterAttr subtask_id current_subtask_id prev <nxt> Unique prev <nxt> QueryAttr figure prev <nxt> Filter3DAttr name prev root3D <nxt> Unique prev <nxt> Filter3DAttr items val_1 prev <nxt> Highlight on prev
display highlight of <NUMBER>,ExtractNumbers Query <nxt> SaveVal2Var prev var_1 <nxt> FilterType tasks root <nxt> FilterAttr task_id current_task_id prev <nxt> FilterType subtasks prev <nxt> FilterAttr subtask_id current_subtask_id prev <nxt> Unique prev <nxt> QueryAttr figure prev <nxt> Filter3DAttr name prev root3D <nxt> Unique prev <nxt> Filter3DAttr items val_1 prev <nxt> Highlight on prev
display highlight of <NUMBER> <NUMBER>,ExtractNumbers Query <nxt> SaveVal2Var prev var_1 <nxt> FilterType tasks root <nxt> FilterAttr task_id current_task_id prev <nxt> FilterType subtasks prev <nxt> FilterAttr subtask_id current_subtask_id prev <nxt> Unique prev <nxt> QueryAttr figure prev <nxt> Filter3DAttr name prev root3D <nxt> Unique prev <nxt> Filter3DAttr items val_1 prev <nxt> Highlight on prev
display highlight of <NUMBER> <NUMBER> <NUMBER>,ExtractNumbers Query <nxt> SaveVal2Var prev var_1 <nxt> FilterType tasks root <nxt> FilterAttr task_id current_task_id prev <nxt> FilterType subtasks prev <nxt> FilterAttr subtask_id current_subtask_id prev <nxt> Unique prev <nxt> QueryAttr figure prev <nxt> Filter3DAttr name prev root3D <nxt> Unique prev <nxt> Filter3DAttr items val_1 prev <nxt> Highlight on prev
turn on highlight of <NUMBER>,ExtractNumbers Query <nxt> SaveVal2Var prev var_1 <nxt> FilterType tasks root <nxt> FilterAttr task_id current_task_id prev <nxt> FilterType subtasks prev <nxt> FilterAttr subtask_id current_subtask_id prev <nxt> Unique prev <nxt> QueryAttr figure prev <nxt> Filter3DAttr name prev root3D <nxt> Unique prev <nxt> Filter3DAttr items val_1 prev <nxt> Highlight on prev
turn on highlight of <NUMBER> <NUMBER>,ExtractNumbers Query <nxt> SaveVal2Var prev var_1 <nxt> FilterType tasks root <nxt> FilterAttr task_id current_task_id prev <nxt> FilterType subtasks prev <nxt> FilterAttr subtask_id current_subtask_id prev <nxt> Unique prev <nxt> QueryAttr figure prev <nxt> Filter3DAttr name prev root3D <nxt> Unique prev <nxt> Filter3DAttr items val_1 prev <nxt> Highlight on prev
turn on highlight of <NUMBER> <NUMBER> <NUMBER>,ExtractNumbers Query <nxt> SaveVal2Var prev var_1 <nxt> FilterType tasks root <nxt> FilterAttr task_id current_task_id prev <nxt> FilterType subtasks prev <nxt> FilterAttr subtask_id current_subtask_id prev <nxt> Unique prev <nxt> QueryAttr figure prev <nxt> Filter3DAttr name prev root3D <nxt> Unique prev <nxt> Filter3DAttr items val_1 prev <nxt> Highlight on prev
hide highlight from <NUMBER>,ExtractNumbers Query <nxt> SaveVal2Var prev var_1 <nxt> FilterType tasks root <nxt> FilterAttr task_id current_task_id prev <nxt> FilterType subtasks prev <nxt> FilterAttr subtask_id current_subtask_id prev <nxt> Unique prev <nxt> QueryAttr figure prev <nxt> Filter3DAttr name prev root3D <nxt> Unique prev <nxt> Filter3DAttr items val_1 prev <nxt> Highlight off prev
hide highlight from <NUMBER> <NUMBER>,ExtractNumbers Query <nxt> SaveVal2Var prev var_1 <nxt> FilterType tasks root <nxt> FilterAttr task_id current_task_id prev <nxt> FilterType subtasks prev <nxt> FilterAttr subtask_id current_subtask_id prev <nxt> Unique prev <nxt> QueryAttr figure prev <nxt> Filter3DAttr name prev root3D <nxt> Unique prev <nxt> Filter3DAttr items val_1 prev <nxt> Highlight off prev
hide highlight from <NUMBER> <NUMBER> <NUMBER>,ExtractNumbers Query <nxt> SaveVal2Var prev var_1 <nxt> FilterType tasks root <nxt> FilterAttr task_id current_task_id prev <nxt> FilterType subtasks prev <nxt> FilterAttr subtask_id current_subtask_id prev <nxt> Unique prev <nxt> QueryAttr figure prev <nxt> Filter3DAttr name prev root3D <nxt> Unique prev <nxt> Filter3DAttr items val_1 prev <nxt> Highlight off prev
reset highlight of <NUMBER>,ExtractNumbers Query <nxt> SaveVal2Var prev var_1 <nxt> FilterType tasks root <nxt> FilterAttr task_id current_task_id prev <nxt> FilterType subtasks prev <nxt> FilterAttr subtask_id current_subtask_id prev <nxt> Unique prev <nxt> QueryAttr figure prev <nxt> Filter3DAttr name prev root3D <nxt> Unique prev <nxt> Filter3DAttr items val_1 prev <nxt> Highlight off prev
reset highlight of <NUMBER> <NUMBER>,ExtractNumbers Query <nxt> SaveVal2Var prev var_1 <nxt> FilterType tasks root <nxt> FilterAttr task_id current_task_id prev <nxt> FilterType subtasks prev <nxt> FilterAttr subtask_id current_subtask_id prev <nxt> Unique prev <nxt> QueryAttr figure prev <nxt> Filter3DAttr name prev root3D <nxt> Unique prev <nxt> Filter3DAttr items val_1 prev <nxt> Highlight off prev
reset highlight of <NUMBER> <NUMBER> <NUMBER>,ExtractNumbers Query <nxt> SaveVal2Var prev var_1 <nxt> FilterType tasks root <nxt> FilterAttr task_id current_task_id prev <nxt> FilterType subtasks prev <nxt> FilterAttr subtask_id current_subtask_id prev <nxt> Unique prev <nxt> QueryAttr figure prev <nxt> Filter3DAttr name prev root3D <nxt> Unique prev <nxt> Filter3DAttr items val_1 prev <nxt> Highlight off prev
turn off highlight of <NUMBER>,ExtractNumbers Query <nxt> SaveVal2Var prev var_1 <nxt> FilterType tasks root <nxt> FilterAttr task_id current_task_id prev <nxt> FilterType subtasks prev <nxt> FilterAttr subtask_id current_subtask_id prev <nxt> Unique prev <nxt> QueryAttr figure prev <nxt> Filter3DAttr name prev root3D <nxt> Unique prev <nxt> Filter3DAttr items val_1 prev <nxt> Highlight off prev
turn off highlight of <NUMBER> <NUMBER>,ExtractNumbers Query <nxt> SaveVal2Var prev var_1 <nxt> FilterType tasks root <nxt> FilterAttr task_id current_task_id prev <nxt> FilterType subtasks prev <nxt> FilterAttr subtask_id current_subtask_id prev <nxt> Unique prev <nxt> QueryAttr figure prev <nxt> Filter3DAttr name prev root3D <nxt> Unique prev <nxt> Filter3DAttr items val_1 prev <nxt> Highlight off prev
turn off highlight of <NUMBER> <NUMBER> <NUMBER>,ExtractNumbers Query <nxt> SaveVal2Var prev var_1 <nxt> FilterType tasks root <nxt> FilterAttr task_id current_task_id prev <nxt> FilterType subtasks prev <nxt> FilterAttr subtask_id current_subtask_id prev <nxt> Unique prev <nxt> QueryAttr figure prev <nxt> Filter3DAttr name prev root3D <nxt> Unique prev <nxt> Filter3DAttr items val_1 prev <nxt> Highlight off prev
remove highlight from <NUMBER>,ExtractNumbers Query <nxt> SaveVal2Var prev var_1 <nxt> FilterType tasks root <nxt> FilterAttr task_id current_task_id prev <nxt> FilterType subtasks prev <nxt> FilterAttr subtask_id current_subtask_id prev <nxt> Unique prev <nxt> QueryAttr figure prev <nxt> Filter3DAttr name prev root3D <nxt> Unique prev <nxt> Filter3DAttr items val_1 prev <nxt> Highlight off prev
remove highlight from <NUMBER> <NUMBER>,ExtractNumbers Query <nxt> SaveVal2Var prev var_1 <nxt> FilterType tasks root <nxt> FilterAttr task_id current_task_id prev <nxt> FilterType subtasks prev <nxt> FilterAttr subtask_id current_subtask_id prev <nxt> Unique prev <nxt> QueryAttr figure prev <nxt> Filter3DAttr name prev root3D <nxt> Unique prev <nxt> Filter3DAttr items val_1 prev <nxt> Highlight off prev
remove highlight from <NUMBER> <NUMBER> <NUMBER>,ExtractNumbers Query <nxt> SaveVal2Var prev var_1 <nxt> FilterType tasks root <nxt> FilterAttr task_id current_task_id prev <nxt> FilterType subtasks prev <nxt> FilterAttr subtask_id current_subtask_id prev <nxt> Unique prev <nxt> QueryAttr figure prev <nxt> Filter3DAttr name prev root3D <nxt> Unique prev <nxt> Filter3DAttr items val_1 prev <nxt> Highlight off prev
show close look of <NUMBER>,ExtractNumbers Query <nxt> SaveVal2Var prev var_1 <nxt> FilterType tasks root <nxt> FilterAttr task_id current_task_id prev <nxt> FilterType subtasks prev <nxt> FilterAttr subtask_id current_subtask_id prev <nxt> Unique prev <nxt> QueryAttr figure prev <nxt> Filter3DAttr name prev root3D <nxt> Unique prev <nxt> Filter3DAttr items val_1 prev <nxt> CloseLook prev
show close look of <NUMBER> <NUMBER>,ExtractNumbers Query <nxt> SaveVal2Var prev var_1 <nxt> FilterType tasks root <nxt> FilterAttr task_id current_task_id prev <nxt> FilterType subtasks prev <nxt> FilterAttr subtask_id current_subtask_id prev <nxt> Unique prev <nxt> QueryAttr figure prev <nxt> Filter3DAttr name prev root3D <nxt> Unique prev <nxt> Filter3DAttr items val_1 prev <nxt> CloseLook prev
show close look of <NUMBER> <NUMBER> <NUMBER>,ExtractNumbers Query <nxt> SaveVal2Var prev var_1 <nxt> FilterType tasks root <nxt> FilterAttr task_id current_task_id prev <nxt> FilterType subtasks prev <nxt> FilterAttr subtask_id current_subtask_id prev <nxt> Unique prev <nxt> QueryAttr figure prev <nxt> Filter3DAttr name prev root3D <nxt> Unique prev <nxt> Filter3DAttr items val_1 prev <nxt> CloseLook prev
show closer <NUMBER>,ExtractNumbers Query <nxt> SaveVal2Var prev var_1 <nxt> FilterType tasks root <nxt> FilterAttr task_id current_task_id prev <nxt> FilterType subtasks prev <nxt> FilterAttr subtask_id current_subtask_id prev <nxt> Unique prev <nxt> QueryAttr figure prev <nxt> Filter3DAttr name prev root3D <nxt> Unique prev <nxt> Filter3DAttr items val_1 prev <nxt> CloseLook prev
show closer <NUMBER> <NUMBER>,ExtractNumbers Query <nxt> SaveVal2Var prev var_1 <nxt> FilterType tasks root <nxt> FilterAttr task_id current_task_id prev <nxt> FilterType subtasks prev <nxt> FilterAttr subtask_id current_subtask_id prev <nxt> Unique prev <nxt> QueryAttr figure prev <nxt> Filter3DAttr name prev root3D <nxt> Unique prev <nxt> Filter3DAttr items val_1 prev <nxt> CloseLook prev
show closer <NUMBER> <NUMBER> <NUMBER>,ExtractNumbers Query <nxt> SaveVal2Var prev var_1 <nxt> FilterType tasks root <nxt> FilterAttr task_id current_task_id prev <nxt> FilterType subtasks prev <nxt> FilterAttr subtask_id current_subtask_id prev <nxt> Unique prev <nxt> QueryAttr figure prev <nxt> Filter3DAttr name prev root3D <nxt> Unique prev <nxt> Filter3DAttr items val_1 prev <nxt> CloseLook prev
display close look of <NUMBER>,ExtractNumbers Query <nxt> SaveVal2Var prev var_1 <nxt> FilterType tasks root <nxt> FilterAttr task_id current_task_id prev <nxt> FilterType subtasks prev <nxt> FilterAttr subtask_id current_subtask_id prev <nxt> Unique prev <nxt> QueryAttr figure prev <nxt> Filter3DAttr name prev root3D <nxt> Unique prev <nxt> Filter3DAttr items val_1 prev <nxt> CloseLook prev
display close look of <NUMBER> <NUMBER>,ExtractNumbers Query <nxt> SaveVal2Var prev var_1 <nxt> FilterType tasks root <nxt> FilterAttr task_id current_task_id prev <nxt> FilterType subtasks prev <nxt> FilterAttr subtask_id current_subtask_id prev <nxt> Unique prev <nxt> QueryAttr figure prev <nxt> Filter3DAttr name prev root3D <nxt> Unique prev <nxt> Filter3DAttr items val_1 prev <nxt> CloseLook prev
display close look of <NUMBER> <NUMBER> <NUMBER>,ExtractNumbers Query <nxt> SaveVal2Var prev var_1 <nxt> FilterType tasks root <nxt> FilterAttr task_id current_task_id prev <nxt> FilterType subtasks prev <nxt> FilterAttr subtask_id current_subtask_id prev <nxt> Unique prev <nxt> QueryAttr figure prev <nxt> Filter3DAttr name prev root3D <nxt> Unique prev <nxt> Filter3DAttr items val_1 prev <nxt> CloseLook prev
display closer <NUMBER>,ExtractNumbers Query <nxt> SaveVal2Var prev var_1 <nxt> FilterType tasks root <nxt> FilterAttr task_id current_task_id prev <nxt> FilterType subtasks prev <nxt> FilterAttr subtask_id current_subtask_id prev <nxt> Unique prev <nxt> QueryAttr figure prev <nxt> Filter3DAttr name prev root3D <nxt> Unique prev <nxt> Filter3DAttr items val_1 prev <nxt> CloseLook prev
display closer <NUMBER> <NUMBER>,ExtractNumbers Query <nxt> SaveVal2Var prev var_1 <nxt> FilterType tasks root <nxt> FilterAttr task_id current_task_id prev <nxt> FilterType subtasks prev <nxt> FilterAttr subtask_id current_subtask_id prev <nxt> Unique prev <nxt> QueryAttr figure prev <nxt> Filter3DAttr name prev root3D <nxt> Unique prev <nxt> Filter3DAttr items val_1 prev <nxt> CloseLook prev
display closer <NUMBER> <NUMBER> <NUMBER>,ExtractNumbers Query <nxt> SaveVal2Var prev var_1 <nxt> FilterType tasks root <nxt> FilterAttr task_id current_task_id prev <nxt> FilterType subtasks prev <nxt> FilterAttr subtask_id current_subtask_id prev <nxt> Unique prev <nxt> QueryAttr figure prev <nxt> Filter3DAttr name prev root3D <nxt> Unique prev <nxt> Filter3DAttr items val_1 prev <nxt> CloseLook prev
demonstrate close look of <NUMBER>,ExtractNumbers Query <nxt> SaveVal2Var prev var_1 <nxt> FilterType tasks root <nxt> FilterAttr task_id current_task_id prev <nxt> FilterType subtasks prev <nxt> FilterAttr subtask_id current_subtask_id prev <nxt> Unique prev <nxt> QueryAttr figure prev <nxt> Filter3DAttr name prev root3D <nxt> Unique prev <nxt> Filter3DAttr items val_1 prev <nxt> CloseLook prev
demonstrate close look of <NUMBER> <NUMBER>,ExtractNumbers Query <nxt> SaveVal2Var prev var_1 <nxt> FilterType tasks root <nxt> FilterAttr task_id current_task_id prev <nxt> FilterType subtasks prev <nxt> FilterAttr subtask_id current_subtask_id prev <nxt> Unique prev <nxt> QueryAttr figure prev <nxt> Filter3DAttr name prev root3D <nxt> Unique prev <nxt> Filter3DAttr items val_1 prev <nxt> CloseLook prev
demonstrate close look of <NUMBER> <NUMBER> <NUMBER>,ExtractNumbers Query <nxt> SaveVal2Var prev var_1 <nxt> FilterType tasks root <nxt> FilterAttr task_id current_task_id prev <nxt> FilterType subtasks prev <nxt> FilterAttr subtask_id current_subtask_id prev <nxt> Unique prev <nxt> QueryAttr figure prev <nxt> Filter3DAttr name prev root3D <nxt> Unique prev <nxt> Filter3DAttr items val_1 prev <nxt> CloseLook prev
demonstrate closer <NUMBER>,ExtractNumbers Query <nxt> SaveVal2Var prev var_1 <nxt> FilterType tasks root <nxt> FilterAttr task_id current_task_id prev <nxt> FilterType subtasks prev <nxt> FilterAttr subtask_id current_subtask_id prev <nxt> Unique prev <nxt> QueryAttr figure prev <nxt> Filter3DAttr name prev root3D <nxt> Unique prev <nxt> Filter3DAttr items val_1 prev <nxt> CloseLook prev
demonstrate closer <NUMBER> <NUMBER>,ExtractNumbers Query <nxt> SaveVal2Var prev var_1 <nxt> FilterType tasks root <nxt> FilterAttr task_id current_task_id prev <nxt> FilterType subtasks prev <nxt> FilterAttr subtask_id current_subtask_id prev <nxt> Unique prev <nxt> QueryAttr figure prev <nxt> Filter3DAttr name prev root3D <nxt> Unique prev <nxt> Filter3DAttr items val_1 prev <nxt> CloseLook prev
demonstrate closer <NUMBER> <NUMBER> <NUMBER>,ExtractNumbers Query <nxt> SaveVal2Var prev var_1 <nxt> FilterType tasks root <nxt> FilterAttr task_id current_task_id prev <nxt> FilterType subtasks prev <nxt> FilterAttr subtask_id current_subtask_id prev <nxt> Unique prev <nxt> QueryAttr figure prev <nxt> Filter3DAttr name prev root3D <nxt> Unique prev <nxt> Filter3DAttr items val_1 prev <nxt> CloseLook prev
show close view of <NUMBER>,ExtractNumbers Query <nxt> SaveVal2Var prev var_1 <nxt> FilterType tasks root <nxt> FilterAttr task_id current_task_id prev <nxt> FilterType subtasks prev <nxt> FilterAttr subtask_id current_subtask_id prev <nxt> Unique prev <nxt> QueryAttr figure prev <nxt> Filter3DAttr name prev root3D <nxt> Unique prev <nxt> Filter3DAttr items val_1 prev <nxt> CloseLook prev
show close view of <NUMBER> <NUMBER>,ExtractNumbers Query <nxt> SaveVal2Var prev var_1 <nxt> FilterType tasks root <nxt> FilterAttr task_id current_task_id prev <nxt> FilterType subtasks prev <nxt> FilterAttr subtask_id current_subtask_id prev <nxt> Unique prev <nxt> QueryAttr figure prev <nxt> Filter3DAttr name prev root3D <nxt> Unique prev <nxt> Filter3DAttr items val_1 prev <nxt> CloseLook prev
show close view of <NUMBER> <NUMBER> <NUMBER>,ExtractNumbers Query <nxt> SaveVal2Var prev var_1 <nxt> FilterType tasks root <nxt> FilterAttr task_id current_task_id prev <nxt> FilterType subtasks prev <nxt> FilterAttr subtask_id current_subtask_id prev <nxt> Unique prev <nxt> QueryAttr figure prev <nxt> Filter3DAttr name prev root3D <nxt> Unique prev <nxt> Filter3DAttr items val_1 prev <nxt> CloseLook prev
view closer <NUMBER>,ExtractNumbers Query <nxt> SaveVal2Var prev var_1 <nxt> FilterType tasks root <nxt> FilterAttr task_id current_task_id prev <nxt> FilterType subtasks prev <nxt> FilterAttr subtask_id current_subtask_id prev <nxt> Unique prev <nxt> QueryAttr figure prev <nxt> Filter3DAttr name prev root3D <nxt> Unique prev <nxt> Filter3DAttr items val_1 prev <nxt> CloseLook prev
view closer <NUMBER> <NUMBER>,ExtractNumbers Query <nxt> SaveVal2Var prev var_1 <nxt> FilterType tasks root <nxt> FilterAttr task_id current_task_id prev <nxt> FilterType subtasks prev <nxt> FilterAttr subtask_id current_subtask_id prev <nxt> Unique prev <nxt> QueryAttr figure prev <nxt> Filter3DAttr name prev root3D <nxt> Unique prev <nxt> Filter3DAttr items val_1 prev <nxt> CloseLook prev
view closer <NUMBER> <NUMBER> <NUMBER>,ExtractNumbers Query <nxt> SaveVal2Var prev var_1 <nxt> FilterType tasks root <nxt> FilterAttr task_id current_task_id prev <nxt> FilterType subtasks prev <nxt> FilterAttr subtask_id current_subtask_id prev <nxt> Unique prev <nxt> QueryAttr figure prev <nxt> Filter3DAttr name prev root3D <nxt> Unique prev <nxt> Filter3DAttr items val_1 prev <nxt> CloseLook prev
display close view of <NUMBER>,ExtractNumbers Query <nxt> SaveVal2Var prev var_1 <nxt> FilterType tasks root <nxt> FilterAttr task_id current_task_id prev <nxt> FilterType subtasks prev <nxt> FilterAttr subtask_id current_subtask_id prev <nxt> Unique prev <nxt> QueryAttr figure prev <nxt> Filter3DAttr name prev root3D <nxt> Unique prev <nxt> Filter3DAttr items val_1 prev <nxt> CloseLook prev
display close view of <NUMBER> <NUMBER>,ExtractNumbers Query <nxt> SaveVal2Var prev var_1 <nxt> FilterType tasks root <nxt> FilterAttr task_id current_task_id prev <nxt> FilterType subtasks prev <nxt> FilterAttr subtask_id current_subtask_id prev <nxt> Unique prev <nxt> QueryAttr figure prev <nxt> Filter3DAttr name prev root3D <nxt> Unique prev <nxt> Filter3DAttr items val_1 prev <nxt> CloseLook prev
display close view of <NUMBER> <NUMBER> <NUMBER>,ExtractNumbers Query <nxt> SaveVal2Var prev var_1 <nxt> FilterType tasks root <nxt> FilterAttr task_id current_task_id prev <nxt> FilterType subtasks prev <nxt> FilterAttr subtask_id current_subtask_id prev <nxt> Unique prev <nxt> QueryAttr figure prev <nxt> Filter3DAttr name prev root3D <nxt> Unique prev <nxt> Filter3DAttr items val_1 prev <nxt> CloseLook prev
demonstrate close view of <NUMBER>,ExtractNumbers Query <nxt> SaveVal2Var prev var_1 <nxt> FilterType tasks root <nxt> FilterAttr task_id current_task_id prev <nxt> FilterType subtasks prev <nxt> FilterAttr subtask_id current_subtask_id prev <nxt> Unique prev <nxt> QueryAttr figure prev <nxt> Filter3DAttr name prev root3D <nxt> Unique prev <nxt> Filter3DAttr items val_1 prev <nxt> CloseLook prev
demonstrate close view of <NUMBER> <NUMBER>,ExtractNumbers Query <nxt> SaveVal2Var prev var_1 <nxt> FilterType tasks root <nxt> FilterAttr task_id current_task_id prev <nxt> FilterType subtasks prev <nxt> FilterAttr subtask_id current_subtask_id prev <nxt> Unique prev <nxt> QueryAttr figure prev <nxt> Filter3DAttr name prev root3D <nxt> Unique prev <nxt> Filter3DAttr items val_1 prev <nxt> CloseLook prev
demonstrate close view of <NUMBER> <NUMBER> <NUMBER>,ExtractNumbers Query <nxt> SaveVal2Var prev var_1 <nxt> FilterType tasks root <nxt> FilterAttr task_id current_task_id prev <nxt> FilterType subtasks prev <nxt> FilterAttr subtask_id current_subtask_id prev <nxt> Unique prev <nxt> QueryAttr figure prev <nxt> Filter3DAttr name prev root3D <nxt> Unique prev <nxt> Filter3DAttr items val_1 prev <nxt> CloseLook prev
scale up this figure by <NUMBER>,ExtractNumbers Query <nxt> SaveVal2Var prev var_1 <nxt> FilterType tasks root <nxt> FilterAttr task_id current_task_id prev <nxt> FilterType subtasks prev <nxt> FilterAttr subtask_id current_subtask_id prev <nxt> Unique prev <nxt> QueryAttr figure prev <nxt> Filter3DAttr name prev root3D <nxt> Unique prev <nxt> Scale up prev val_1
scale up this figure by <NUMBER>,ExtractNumbers Query <nxt> SaveVal2Var prev var_1 <nxt> FilterType tasks root <nxt> FilterAttr task_id current_task_id prev <nxt> FilterType subtasks prev <nxt> FilterAttr subtask_id current_subtask_id prev <nxt> Unique prev <nxt> QueryAttr figure prev <nxt> Filter3DAttr name prev root3D <nxt> Unique prev <nxt> Scale up prev val_1
scale up this figure by <NUMBER>,ExtractNumbers Query <nxt> SaveVal2Var prev var_1 <nxt> FilterType tasks root <nxt> FilterAttr task_id current_task_id prev <nxt> FilterType subtasks prev <nxt> FilterAttr subtask_id current_subtask_id prev <nxt> Unique prev <nxt> QueryAttr figure prev <nxt> Filter3DAttr name prev root3D <nxt> Unique prev <nxt> Scale up prev val_1
show scale up look this figure by <NUMBER>,ExtractNumbers Query <nxt> SaveVal2Var prev var_1 <nxt> FilterType tasks root <nxt> FilterAttr task_id current_task_id prev <nxt> FilterType subtasks prev <nxt> FilterAttr subtask_id current_subtask_id prev <nxt> Unique prev <nxt> QueryAttr figure prev <nxt> Filter3DAttr name prev root3D <nxt> Unique prev <nxt> Scale up prev val_1
show scale up look this figure by <NUMBER>,ExtractNumbers Query <nxt> SaveVal2Var prev var_1 <nxt> FilterType tasks root <nxt> FilterAttr task_id current_task_id prev <nxt> FilterType subtasks prev <nxt> FilterAttr subtask_id current_subtask_id prev <nxt> Unique prev <nxt> QueryAttr figure prev <nxt> Filter3DAttr name prev root3D <nxt> Unique prev <nxt> Scale up prev val_1
show scale up look this figure by <NUMBER>,ExtractNumbers Query <nxt> SaveVal2Var prev var_1 <nxt> FilterType tasks root <nxt> FilterAttr task_id current_task_id prev <nxt> FilterType subtasks prev <nxt> FilterAttr subtask_id current_subtask_id prev <nxt> Unique prev <nxt> QueryAttr figure prev <nxt> Filter3DAttr name prev root3D <nxt> Unique prev <nxt> Scale up prev val_1
display scale up look this figure by <NUMBER>,ExtractNumbers Query <nxt> SaveVal2Var prev var_1 <nxt> FilterType tasks root <nxt> FilterAttr task_id current_task_id prev <nxt> FilterType subtasks prev <nxt> FilterAttr subtask_id current_subtask_id prev <nxt> Unique prev <nxt> QueryAttr figure prev <nxt> Filter3DAttr name prev root3D <nxt> Unique prev <nxt> Scale up prev val_1
display scale up look this figure by <NUMBER>,ExtractNumbers Query <nxt> SaveVal2Var prev var_1 <nxt> FilterType tasks root <nxt> FilterAttr task_id current_task_id prev <nxt> FilterType subtasks prev <nxt> FilterAttr subtask_id current_subtask_id prev <nxt> Unique prev <nxt> QueryAttr figure prev <nxt> Filter3DAttr name prev root3D <nxt> Unique prev <nxt> Scale up prev val_1
display scale up look this figure by <NUMBER>,ExtractNumbers Query <nxt> SaveVal2Var prev var_1 <nxt> FilterType tasks root <nxt> FilterAttr task_id current_task_id prev <nxt> FilterType subtasks prev <nxt> FilterAttr subtask_id current_subtask_id prev <nxt> Unique prev <nxt> QueryAttr figure prev <nxt> Filter3DAttr name prev root3D <nxt> Unique prev <nxt> Scale up prev val_1
demonstrate scale up look this figure by <NUMBER>,ExtractNumbers Query <nxt> SaveVal2Var prev var_1 <nxt> FilterType tasks root <nxt> FilterAttr task_id current_task_id prev <nxt> FilterType subtasks prev <nxt> FilterAttr subtask_id current_subtask_id prev <nxt> Unique prev <nxt> QueryAttr figure prev <nxt> Filter3DAttr name prev root3D <nxt> Unique prev <nxt> Scale up prev val_1
demonstrate scale up look this figure by <NUMBER>,ExtractNumbers Query <nxt> SaveVal2Var prev var_1 <nxt> FilterType tasks root <nxt> FilterAttr task_id current_task_id prev <nxt> FilterType subtasks prev <nxt> FilterAttr subtask_id current_subtask_id prev <nxt> Unique prev <nxt> QueryAttr figure prev <nxt> Filter3DAttr name prev root3D <nxt> Unique prev <nxt> Scale up prev val_1
demonstrate scale up look this figure by <NUMBER>,ExtractNumbers Query <nxt> SaveVal2Var prev var_1 <nxt> FilterType tasks root <nxt> FilterAttr task_id current_task_id prev <nxt> FilterType subtasks prev <nxt> FilterAttr subtask_id current_subtask_id prev <nxt> Unique prev <nxt> QueryAttr figure prev <nxt> Filter3DAttr name prev root3D <nxt> Unique prev <nxt> Scale up prev val_1
illustrate scale up look this figure by <NUMBER>,ExtractNumbers Query <nxt> SaveVal2Var prev var_1 <nxt> FilterType tasks root <nxt> FilterAttr task_id current_task_id prev <nxt> FilterType subtasks prev <nxt> FilterAttr subtask_id current_subtask_id prev <nxt> Unique prev <nxt> QueryAttr figure prev <nxt> Filter3DAttr name prev root3D <nxt> Unique prev <nxt> Scale up prev val_1
illustrate scale up look this figure by <NUMBER>,ExtractNumbers Query <nxt> SaveVal2Var prev var_1 <nxt> FilterType tasks root <nxt> FilterAttr task_id current_task_id prev <nxt> FilterType subtasks prev <nxt> FilterAttr subtask_id current_subtask_id prev <nxt> Unique prev <nxt> QueryAttr figure prev <nxt> Filter3DAttr name prev root3D <nxt> Unique prev <nxt> Scale up prev val_1
illustrate scale up look this figure by <NUMBER>,ExtractNumbers Query <nxt> SaveVal2Var prev var_1 <nxt> FilterType tasks root <nxt> FilterAttr task_id current_task_id prev <nxt> FilterType subtasks prev <nxt> FilterAttr subtask_id current_subtask_id prev <nxt> Unique prev <nxt> QueryAttr figure prev <nxt> Filter3DAttr name prev root3D <nxt> Unique prev <nxt> Scale up prev val_1
show scale up view this figure by <NUMBER>,ExtractNumbers Query <nxt> SaveVal2Var prev var_1 <nxt> FilterType tasks root <nxt> FilterAttr task_id current_task_id prev <nxt> FilterType subtasks prev <nxt> FilterAttr subtask_id current_subtask_id prev <nxt> Unique prev <nxt> QueryAttr figure prev <nxt> Filter3DAttr name prev root3D <nxt> Unique prev <nxt> Scale up prev val_1
show scale up view this figure by <NUMBER>,ExtractNumbers Query <nxt> SaveVal2Var prev var_1 <nxt> FilterType tasks root <nxt> FilterAttr task_id current_task_id prev <nxt> FilterType subtasks prev <nxt> FilterAttr subtask_id current_subtask_id prev <nxt> Unique prev <nxt> QueryAttr figure prev <nxt> Filter3DAttr name prev root3D <nxt> Unique prev <nxt> Scale up prev val_1
show scale up view this figure by <NUMBER>,ExtractNumbers Query <nxt> SaveVal2Var prev var_1 <nxt> FilterType tasks root <nxt> FilterAttr task_id current_task_id prev <nxt> FilterType subtasks prev <nxt> FilterAttr subtask_id current_subtask_id prev <nxt> Unique prev <nxt> QueryAttr figure prev <nxt> Filter3DAttr name prev root3D <nxt> Unique prev <nxt> Scale up prev val_1
display scale up view this figure by <NUMBER>,ExtractNumbers Query <nxt> SaveVal2Var prev var_1 <nxt> FilterType tasks root <nxt> FilterAttr task_id current_task_id prev <nxt> FilterType subtasks prev <nxt> FilterAttr subtask_id current_subtask_id prev <nxt> Unique prev <nxt> QueryAttr figure prev <nxt> Filter3DAttr name prev root3D <nxt> Unique prev <nxt> Scale up prev val_1
display scale up view this figure by <NUMBER>,ExtractNumbers Query <nxt> SaveVal2Var prev var_1 <nxt> FilterType tasks root <nxt> FilterAttr task_id current_task_id prev <nxt> FilterType subtasks prev <nxt> FilterAttr subtask_id current_subtask_id prev <nxt> Unique prev <nxt> QueryAttr figure prev <nxt> Filter3DAttr name prev root3D <nxt> Unique prev <nxt> Scale up prev val_1
display scale up view this figure by <NUMBER>,ExtractNumbers Query <nxt> SaveVal2Var prev var_1 <nxt> FilterType tasks root <nxt> FilterAttr task_id current_task_id prev <nxt> FilterType subtasks prev <nxt> FilterAttr subtask_id current_subtask_id prev <nxt> Unique prev <nxt> QueryAttr figure prev <nxt> Filter3DAttr name prev root3D <nxt> Unique prev <nxt> Scale up prev val_1
demonstrate scale up view this figure by <NUMBER>,ExtractNumbers Query <nxt> SaveVal2Var prev var_1 <nxt> FilterType tasks root <nxt> FilterAttr task_id current_task_id prev <nxt> FilterType subtasks prev <nxt> FilterAttr subtask_id current_subtask_id prev <nxt> Unique prev <nxt> QueryAttr figure prev <nxt> Filter3DAttr name prev root3D <nxt> Unique prev <nxt> Scale up prev val_1
demonstrate scale up view this figure by <NUMBER>,ExtractNumbers Query <nxt> SaveVal2Var prev var_1 <nxt> FilterType tasks root <nxt> FilterAttr task_id current_task_id prev <nxt> FilterType subtasks prev <nxt> FilterAttr subtask_id current_subtask_id prev <nxt> Unique prev <nxt> QueryAttr figure prev <nxt> Filter3DAttr name prev root3D <nxt> Unique prev <nxt> Scale up prev val_1
demonstrate scale up view this figure by <NUMBER>,ExtractNumbers Query <nxt> SaveVal2Var prev var_1 <nxt> FilterType tasks root <nxt> FilterAttr task_id current_task_id prev <nxt> FilterType subtasks prev <nxt> FilterAttr subtask_id current_subtask_id prev <nxt> Unique prev <nxt> QueryAttr figure prev <nxt> Filter3DAttr name prev root3D <nxt> Unique prev <nxt> Scale up prev val_1
illustrate scale up view this figure by <NUMBER>,ExtractNumbers Query <nxt> SaveVal2Var prev var_1 <nxt> FilterType tasks root <nxt> FilterAttr task_id current_task_id prev <nxt> FilterType subtasks prev <nxt> FilterAttr subtask_id current_subtask_id prev <nxt> Unique prev <nxt> QueryAttr figure prev <nxt> Filter3DAttr name prev root3D <nxt> Unique prev <nxt> Scale up prev val_1
illustrate scale up view this figure by <NUMBER>,ExtractNumbers Query <nxt> SaveVal2Var prev var_1 <nxt> FilterType tasks root <nxt> FilterAttr task_id current_task_id prev <nxt> FilterType subtasks prev <nxt> FilterAttr subtask_id current_subtask_id prev <nxt> Unique prev <nxt> QueryAttr figure prev <nxt> Filter3DAttr name prev root3D <nxt> Unique prev <nxt> Scale up prev val_1
illustrate scale up view this figure by <NUMBER>,ExtractNumbers Query <nxt> SaveVal2Var prev var_1 <nxt> FilterType tasks root <nxt> FilterAttr task_id current_task_id prev <nxt> FilterType subtasks prev <nxt> FilterAttr subtask_id current_subtask_id prev <nxt> Unique prev <nxt> QueryAttr figure prev <nxt> Filter3DAttr name prev root3D <nxt> Unique prev <nxt> Scale up prev val_1
scale downscale down this figure by <NUMBER>,ExtractNumbers Query <nxt> SaveVal2Var prev var_1 <nxt> FilterType tasks root <nxt> FilterAttr task_id current_task_id prev <nxt> FilterType subtasks prev <nxt> FilterAttr subtask_id current_subtask_id prev <nxt> Unique prev <nxt> QueryAttr figure prev <nxt> Filter3DAttr name prev root3D <nxt> Unique prev <nxt> Scale down prev val_1
scale downscale down this figure by <NUMBER>,ExtractNumbers Query <nxt> SaveVal2Var prev var_1 <nxt> FilterType tasks root <nxt> FilterAttr task_id current_task_id prev <nxt> FilterType subtasks prev <nxt> FilterAttr subtask_id current_subtask_id prev <nxt> Unique prev <nxt> QueryAttr figure prev <nxt> Filter3DAttr name prev root3D <nxt> Unique prev <nxt> Scale down prev val_1
scale downscale down this figure by <NUMBER>,ExtractNumbers Query <nxt> SaveVal2Var prev var_1 <nxt> FilterType tasks root <nxt> FilterAttr task_id current_task_id prev <nxt> FilterType subtasks prev <nxt> FilterAttr subtask_id current_subtask_id prev <nxt> Unique prev <nxt> QueryAttr figure prev <nxt> Filter3DAttr name prev root3D <nxt> Unique prev <nxt> Scale down prev val_1
show scale down look this figure by <NUMBER>,ExtractNumbers Query <nxt> SaveVal2Var prev var_1 <nxt> FilterType tasks root <nxt> FilterAttr task_id current_task_id prev <nxt> FilterType subtasks prev <nxt> FilterAttr subtask_id current_subtask_id prev <nxt> Unique prev <nxt> QueryAttr figure prev <nxt> Filter3DAttr name prev root3D <nxt> Unique prev <nxt> Scale down prev val_1
show scale down look this figure by <NUMBER>,ExtractNumbers Query <nxt> SaveVal2Var prev var_1 <nxt> FilterType tasks root <nxt> FilterAttr task_id current_task_id prev <nxt> FilterType subtasks prev <nxt> FilterAttr subtask_id current_subtask_id prev <nxt> Unique prev <nxt> QueryAttr figure prev <nxt> Filter3DAttr name prev root3D <nxt> Unique prev <nxt> Scale down prev val_1
show scale down look this figure by <NUMBER>,ExtractNumbers Query <nxt> SaveVal2Var prev var_1 <nxt> FilterType tasks root <nxt> FilterAttr task_id current_task_id prev <nxt> FilterType subtasks prev <nxt> FilterAttr subtask_id current_subtask_id prev <nxt> Unique prev <nxt> QueryAttr figure prev <nxt> Filter3DAttr name prev root3D <nxt> Unique prev <nxt> Scale down prev val_1
display scale down look this figure by <NUMBER>,ExtractNumbers Query <nxt> SaveVal2Var prev var_1 <nxt> FilterType tasks root <nxt> FilterAttr task_id current_task_id prev <nxt> FilterType subtasks prev <nxt> FilterAttr subtask_id current_subtask_id prev <nxt> Unique prev <nxt> QueryAttr figure prev <nxt> Filter3DAttr name prev root3D <nxt> Unique prev <nxt> Scale down prev val_1
display scale down look this figure by <NUMBER>,ExtractNumbers Query <nxt> SaveVal2Var prev var_1 <nxt> FilterType tasks root <nxt> FilterAttr task_id current_task_id prev <nxt> FilterType subtasks prev <nxt> FilterAttr subtask_id current_subtask_id prev <nxt> Unique prev <nxt> QueryAttr figure prev <nxt> Filter3DAttr name prev root3D <nxt> Unique prev <nxt> Scale down prev val_1
display scale down look this figure by <NUMBER>,ExtractNumbers Query <nxt> SaveVal2Var prev var_1 <nxt> FilterType tasks root <nxt> FilterAttr task_id current_task_id prev <nxt> FilterType subtasks prev <nxt> FilterAttr subtask_id current_subtask_id prev <nxt> Unique prev <nxt> QueryAttr figure prev <nxt> Filter3DAttr name prev root3D <nxt> Unique prev <nxt> Scale down prev val_1
demonstrate scale down look this figure by <NUMBER>,ExtractNumbers Query <nxt> SaveVal2Var prev var_1 <nxt> FilterType tasks root <nxt> FilterAttr task_id current_task_id prev <nxt> FilterType subtasks prev <nxt> FilterAttr subtask_id current_subtask_id prev <nxt> Unique prev <nxt> QueryAttr figure prev <nxt> Filter3DAttr name prev root3D <nxt> Unique prev <nxt> Scale down prev val_1
demonstrate scale down look this figure by <NUMBER>,ExtractNumbers Query <nxt> SaveVal2Var prev var_1 <nxt> FilterType tasks root <nxt> FilterAttr task_id current_task_id prev <nxt> FilterType subtasks prev <nxt> FilterAttr subtask_id current_subtask_id prev <nxt> Unique prev <nxt> QueryAttr figure prev <nxt> Filter3DAttr name prev root3D <nxt> Unique prev <nxt> Scale down prev val_1
demonstrate scale down look this figure by <NUMBER>,ExtractNumbers Query <nxt> SaveVal2Var prev var_1 <nxt> FilterType tasks root <nxt> FilterAttr task_id current_task_id prev <nxt> FilterType subtasks prev <nxt> FilterAttr subtask_id current_subtask_id prev <nxt> Unique prev <nxt> QueryAttr figure prev <nxt> Filter3DAttr name prev root3D <nxt> Unique prev <nxt> Scale down prev val_1
illustrate scale down look this figure by <NUMBER>,ExtractNumbers Query <nxt> SaveVal2Var prev var_1 <nxt> FilterType tasks root <nxt> FilterAttr task_id current_task_id prev <nxt> FilterType subtasks prev <nxt> FilterAttr subtask_id current_subtask_id prev <nxt> Unique prev <nxt> QueryAttr figure prev <nxt> Filter3DAttr name prev root3D <nxt> Unique prev <nxt> Scale down prev val_1
illustrate scale down look this figure by <NUMBER>,ExtractNumbers Query <nxt> SaveVal2Var prev var_1 <nxt> FilterType tasks root <nxt> FilterAttr task_id current_task_id prev <nxt> FilterType subtasks prev <nxt> FilterAttr subtask_id current_subtask_id prev <nxt> Unique prev <nxt> QueryAttr figure prev <nxt> Filter3DAttr name prev root3D <nxt> Unique prev <nxt> Scale down prev val_1
illustrate scale down look this figure by <NUMBER>,ExtractNumbers Query <nxt> SaveVal2Var prev var_1 <nxt> FilterType tasks root <nxt> FilterAttr task_id current_task_id prev <nxt> FilterType subtasks prev <nxt> FilterAttr subtask_id current_subtask_id prev <nxt> Unique prev <nxt> QueryAttr figure prev <nxt> Filter3DAttr name prev root3D <nxt> Unique prev <nxt> Scale down prev val_1
show scale down view this figure by <NUMBER>,ExtractNumbers Query <nxt> SaveVal2Var prev var_1 <nxt> FilterType tasks root <nxt> FilterAttr task_id current_task_id prev <nxt> FilterType subtasks prev <nxt> FilterAttr subtask_id current_subtask_id prev <nxt> Unique prev <nxt> QueryAttr figure prev <nxt> Filter3DAttr name prev root3D <nxt> Unique prev <nxt> Scale down prev val_1
show scale down view this figure by <NUMBER>,ExtractNumbers Query <nxt> SaveVal2Var prev var_1 <nxt> FilterType tasks root <nxt> FilterAttr task_id current_task_id prev <nxt> FilterType subtasks prev <nxt> FilterAttr subtask_id current_subtask_id prev <nxt> Unique prev <nxt> QueryAttr figure prev <nxt> Filter3DAttr name prev root3D <nxt> Unique prev <nxt> Scale down prev val_1
show scale down view this figure by <NUMBER>,ExtractNumbers Query <nxt> SaveVal2Var prev var_1 <nxt> FilterType tasks root <nxt> FilterAttr task_id current_task_id prev <nxt> FilterType subtasks prev <nxt> FilterAttr subtask_id current_subtask_id prev <nxt> Unique prev <nxt> QueryAttr figure prev <nxt> Filter3DAttr name prev root3D <nxt> Unique prev <nxt> Scale down prev val_1
display scale down view this figure by <NUMBER>,ExtractNumbers Query <nxt> SaveVal2Var prev var_1 <nxt> FilterType tasks root <nxt> FilterAttr task_id current_task_id prev <nxt> FilterType subtasks prev <nxt> FilterAttr subtask_id current_subtask_id prev <nxt> Unique prev <nxt> QueryAttr figure prev <nxt> Filter3DAttr name prev root3D <nxt> Unique prev <nxt> Scale down prev val_1
display scale down view this figure by <NUMBER>,ExtractNumbers Query <nxt> SaveVal2Var prev var_1 <nxt> FilterType tasks root <nxt> FilterAttr task_id current_task_id prev <nxt> FilterType subtasks prev <nxt> FilterAttr subtask_id current_subtask_id prev <nxt> Unique prev <nxt> QueryAttr figure prev <nxt> Filter3DAttr name prev root3D <nxt> Unique prev <nxt> Scale down prev val_1
display scale down view this figure by <NUMBER>,ExtractNumbers Query <nxt> SaveVal2Var prev var_1 <nxt> FilterType tasks root <nxt> FilterAttr task_id current_task_id prev <nxt> FilterType subtasks prev <nxt> FilterAttr subtask_id current_subtask_id prev <nxt> Unique prev <nxt> QueryAttr figure prev <nxt> Filter3DAttr name prev root3D <nxt> Unique prev <nxt> Scale down prev val_1
demonstrate scale down view this figure by <NUMBER>,ExtractNumbers Query <nxt> SaveVal2Var prev var_1 <nxt> FilterType tasks root <nxt> FilterAttr task_id current_task_id prev <nxt> FilterType subtasks prev <nxt> FilterAttr subtask_id current_subtask_id prev <nxt> Unique prev <nxt> QueryAttr figure prev <nxt> Filter3DAttr name prev root3D <nxt> Unique prev <nxt> Scale down prev val_1
demonstrate scale down view this figure by <NUMBER>,ExtractNumbers Query <nxt> SaveVal2Var prev var_1 <nxt> FilterType tasks root <nxt> FilterAttr task_id current_task_id prev <nxt> FilterType subtasks prev <nxt> FilterAttr subtask_id current_subtask_id prev <nxt> Unique prev <nxt> QueryAttr figure prev <nxt> Filter3DAttr name prev root3D <nxt> Unique prev <nxt> Scale down prev val_1
demonstrate scale down view this figure by <NUMBER>,ExtractNumbers Query <nxt> SaveVal2Var prev var_1 <nxt> FilterType tasks root <nxt> FilterAttr task_id current_task_id prev <nxt> FilterType subtasks prev <nxt> FilterAttr subtask_id current_subtask_id prev <nxt> Unique prev <nxt> QueryAttr figure prev <nxt> Filter3DAttr name prev root3D <nxt> Unique prev <nxt> Scale down prev val_1
illustrate scale down view this figure by <NUMBER>,ExtractNumbers Query <nxt> SaveVal2Var prev var_1 <nxt> FilterType tasks root <nxt> FilterAttr task_id current_task_id prev <nxt> FilterType subtasks prev <nxt> FilterAttr subtask_id current_subtask_id prev <nxt> Unique prev <nxt> QueryAttr figure prev <nxt> Filter3DAttr name prev root3D <nxt> Unique prev <nxt> Scale down prev val_1
illustrate scale down view this figure by <NUMBER>,ExtractNumbers Query <nxt> SaveVal2Var prev var_1 <nxt> FilterType tasks root <nxt> FilterAttr task_id current_task_id prev <nxt> FilterType subtasks prev <nxt> FilterAttr subtask_id current_subtask_id prev <nxt> Unique prev <nxt> QueryAttr figure prev <nxt> Filter3DAttr name prev root3D <nxt> Unique prev <nxt> Scale down prev val_1
illustrate scale down view this figure by <NUMBER>,ExtractNumbers Query <nxt> SaveVal2Var prev var_1 <nxt> FilterType tasks root <nxt> FilterAttr task_id current_task_id prev <nxt> FilterType subtasks prev <nxt> FilterAttr subtask_id current_subtask_id prev <nxt> Unique prev <nxt> QueryAttr figure prev <nxt> Filter3DAttr name prev root3D <nxt> Unique prev <nxt> Scale down prev val_1
show side by side look of this figure,FilterType tasks root <nxt> FilterAttr task_id current_task_id prev <nxt> FilterType subtasks prev <nxt> FilterAttr subtask_id current_subtask_id prev <nxt> Unique prev <nxt> QueryAttr figure prev <nxt> Filter3DAttr name prev root3D <nxt> Unique prev <nxt> SideBySideLook prev
display side by side look of this figure,FilterType tasks root <nxt> FilterAttr task_id current_task_id prev <nxt> FilterType subtasks prev <nxt> FilterAttr subtask_id current_subtask_id prev <nxt> Unique prev <nxt> QueryAttr figure prev <nxt> Filter3DAttr name prev root3D <nxt> Unique prev <nxt> SideBySideLook prev
demonstrate side by side look of this figure,FilterType tasks root <nxt> FilterAttr task_id current_task_id prev <nxt> FilterType subtasks prev <nxt> FilterAttr subtask_id current_subtask_id prev <nxt> Unique prev <nxt> QueryAttr figure prev <nxt> Filter3DAttr name prev root3D <nxt> Unique prev <nxt> SideBySideLook prev
illustrate side by side look of this figure,FilterType tasks root <nxt> FilterAttr task_id current_task_id prev <nxt> FilterType subtasks prev <nxt> FilterAttr subtask_id current_subtask_id prev <nxt> Unique prev <nxt> QueryAttr figure prev <nxt> Filter3DAttr name prev root3D <nxt> Unique prev <nxt> SideBySideLook prev
show side by side view of this figure,FilterType tasks root <nxt> FilterAttr task_id current_task_id prev <nxt> FilterType subtasks prev <nxt> FilterAttr subtask_id current_subtask_id prev <nxt> Unique prev <nxt> QueryAttr figure prev <nxt> Filter3DAttr name prev root3D <nxt> Unique prev <nxt> SideBySideLook prev
display side by side view of this figure,FilterType tasks root <nxt> FilterAttr task_id current_task_id prev <nxt> FilterType subtasks prev <nxt> FilterAttr subtask_id current_subtask_id prev <nxt> Unique prev <nxt> QueryAttr figure prev <nxt> Filter3DAttr name prev root3D <nxt> Unique prev <nxt> SideBySideLook prev
demonstrate side by side view of this figure,FilterType tasks root <nxt> FilterAttr task_id current_task_id prev <nxt> FilterType subtasks prev <nxt> FilterAttr subtask_id current_subtask_id prev <nxt> Unique prev <nxt> QueryAttr figure prev <nxt> Filter3DAttr name prev root3D <nxt> Unique prev <nxt> SideBySideLook prev
illustrate side by side view of this figure,FilterType tasks root <nxt> FilterAttr task_id current_task_id prev <nxt> FilterType subtasks prev <nxt> FilterAttr subtask_id current_subtask_id prev <nxt> Unique prev <nxt> QueryAttr figure prev <nxt> Filter3DAttr name prev root3D <nxt> Unique prev <nxt> SideBySideLook prev
animate this figure,FilterType tasks root <nxt> FilterAttr task_id current_task_id prev <nxt> FilterType subtasks prev <nxt> FilterAttr subtask_id current_subtask_id prev <nxt> Unique prev <nxt> QueryAttr figure prev <nxt> Filter3DAttr name prev root3D <nxt> Unique prev <nxt> Animate on prev
explore this figure,FilterType tasks root <nxt> FilterAttr task_id current_task_id prev <nxt> FilterType subtasks prev <nxt> FilterAttr subtask_id current_subtask_id prev <nxt> Unique prev <nxt> QueryAttr figure prev <nxt> Filter3DAttr name prev root3D <nxt> Unique prev <nxt> Animate on prev
play animation of this figure,FilterType tasks root <nxt> FilterAttr task_id current_task_id prev <nxt> FilterType subtasks prev <nxt> FilterAttr subtask_id current_subtask_id prev <nxt> Unique prev <nxt> QueryAttr figure prev <nxt> Filter3DAttr name prev root3D <nxt> Unique prev <nxt> Animate on prev
stop animating this figure,FilterType tasks root <nxt> FilterAttr task_id current_task_id prev <nxt> FilterType subtasks prev <nxt> FilterAttr subtask_id current_subtask_id prev <nxt> Unique prev <nxt> QueryAttr figure prev <nxt> Filter3DAttr name prev root3D <nxt> Unique prev <nxt> Animate off prev
stop exploring this figure,FilterType tasks root <nxt> FilterAttr task_id current_task_id prev <nxt> FilterType subtasks prev <nxt> FilterAttr subtask_id current_subtask_id prev <nxt> Unique prev <nxt> QueryAttr figure prev <nxt> Filter3DAttr name prev root3D <nxt> Unique prev <nxt> Animate off prev
stop animation of this figure,FilterType tasks root <nxt> FilterAttr task_id current_task_id prev <nxt> FilterType subtasks prev <nxt> FilterAttr subtask_id current_subtask_id prev <nxt> Unique prev <nxt> QueryAttr figure prev <nxt> Filter3DAttr name prev root3D <nxt> Unique prev <nxt> Animate off prev
show this figure,FilterType tasks root <nxt> FilterAttr task_id current_task_id prev <nxt> FilterType subtasks prev <nxt> FilterAttr subtask_id current_subtask_id prev <nxt> Unique prev <nxt> QueryAttr figure prev <nxt> Filter3DAttr name prev root3D <nxt> Unique prev <nxt> Visibility on prev
make visible this figure,FilterType tasks root <nxt> FilterAttr task_id current_task_id prev <nxt> FilterType subtasks prev <nxt> FilterAttr subtask_id current_subtask_id prev <nxt> Unique prev <nxt> QueryAttr figure prev <nxt> Filter3DAttr name prev root3D <nxt> Unique prev <nxt> Visibility on prev
turn on visibility of this figure,FilterType tasks root <nxt> FilterAttr task_id current_task_id prev <nxt> FilterType subtasks prev <nxt> FilterAttr subtask_id current_subtask_id prev <nxt> Unique prev <nxt> QueryAttr figure prev <nxt> Filter3DAttr name prev root3D <nxt> Unique prev <nxt> Visibility on prev
hide this figure,FilterType tasks root <nxt> FilterAttr task_id current_task_id prev <nxt> FilterType subtasks prev <nxt> FilterAttr subtask_id current_subtask_id prev <nxt> Unique prev <nxt> QueryAttr figure prev <nxt> Filter3DAttr name prev root3D <nxt> Unique prev <nxt> Visibility off prev
make invisible this figure,FilterType tasks root <nxt> FilterAttr task_id current_task_id prev <nxt> FilterType subtasks prev <nxt> FilterAttr subtask_id current_subtask_id prev <nxt> Unique prev <nxt> QueryAttr figure prev <nxt> Filter3DAttr name prev root3D <nxt> Unique prev <nxt> Visibility off prev
turn off visibility of this figure,FilterType tasks root <nxt> FilterAttr task_id current_task_id prev <nxt> FilterType subtasks prev <nxt> FilterAttr subtask_id current_subtask_id prev <nxt> Unique prev <nxt> QueryAttr figure prev <nxt> Filter3DAttr name prev root3D <nxt> Unique prev <nxt> Visibility off prev
show <NUMBER>,ExtractNumbers Query <nxt> SaveVal2Var prev var_1 <nxt> FilterType tasks root <nxt> FilterAttr task_id current_task_id prev <nxt> FilterType subtasks prev <nxt> FilterAttr subtask_id current_subtask_id prev <nxt> Unique prev <nxt> QueryAttr figure prev <nxt> Filter3DAttr name prev root3D <nxt> Unique prev <nxt> Filter3DAttr items val_1 prev <nxt> Visibility on prev
show <NUMBER> <NUMBER>,ExtractNumbers Query <nxt> SaveVal2Var prev var_1 <nxt> FilterType tasks root <nxt> FilterAttr task_id current_task_id prev <nxt> FilterType subtasks prev <nxt> FilterAttr subtask_id current_subtask_id prev <nxt> Unique prev <nxt> QueryAttr figure prev <nxt> Filter3DAttr name prev root3D <nxt> Unique prev <nxt> Filter3DAttr items val_1 prev <nxt> Visibility on prev
show <NUMBER> <NUMBER> <NUMBER>,ExtractNumbers Query <nxt> SaveVal2Var prev var_1 <nxt> FilterType tasks root <nxt> FilterAttr task_id current_task_id prev <nxt> FilterType subtasks prev <nxt> FilterAttr subtask_id current_subtask_id prev <nxt> Unique prev <nxt> QueryAttr figure prev <nxt> Filter3DAttr name prev root3D <nxt> Unique prev <nxt> Filter3DAttr items val_1 prev <nxt> Visibility on prev
make visible <NUMBER>,ExtractNumbers Query <nxt> SaveVal2Var prev var_1 <nxt> FilterType tasks root <nxt> FilterAttr task_id current_task_id prev <nxt> FilterType subtasks prev <nxt> FilterAttr subtask_id current_subtask_id prev <nxt> Unique prev <nxt> QueryAttr figure prev <nxt> Filter3DAttr name prev root3D <nxt> Unique prev <nxt> Filter3DAttr items val_1 prev <nxt> Visibility on prev
make visible <NUMBER> <NUMBER>,ExtractNumbers Query <nxt> SaveVal2Var prev var_1 <nxt> FilterType tasks root <nxt> FilterAttr task_id current_task_id prev <nxt> FilterType subtasks prev <nxt> FilterAttr subtask_id current_subtask_id prev <nxt> Unique prev <nxt> QueryAttr figure prev <nxt> Filter3DAttr name prev root3D <nxt> Unique prev <nxt> Filter3DAttr items val_1 prev <nxt> Visibility on prev
make visible <NUMBER> <NUMBER> <NUMBER>,ExtractNumbers Query <nxt> SaveVal2Var prev var_1 <nxt> FilterType tasks root <nxt> FilterAttr task_id current_task_id prev <nxt> FilterType subtasks prev <nxt> FilterAttr subtask_id current_subtask_id prev <nxt> Unique prev <nxt> QueryAttr figure prev <nxt> Filter3DAttr name prev root3D <nxt> Unique prev <nxt> Filter3DAttr items val_1 prev <nxt> Visibility on prev
turn on visibility of <NUMBER>,ExtractNumbers Query <nxt> SaveVal2Var prev var_1 <nxt> FilterType tasks root <nxt> FilterAttr task_id current_task_id prev <nxt> FilterType subtasks prev <nxt> FilterAttr subtask_id current_subtask_id prev <nxt> Unique prev <nxt> QueryAttr figure prev <nxt> Filter3DAttr name prev root3D <nxt> Unique prev <nxt> Filter3DAttr items val_1 prev <nxt> Visibility on prev
turn on visibility of <NUMBER> <NUMBER>,ExtractNumbers Query <nxt> SaveVal2Var prev var_1 <nxt> FilterType tasks root <nxt> FilterAttr task_id current_task_id prev <nxt> FilterType subtasks prev <nxt> FilterAttr subtask_id current_subtask_id prev <nxt> Unique prev <nxt> QueryAttr figure prev <nxt> Filter3DAttr name prev root3D <nxt> Unique prev <nxt> Filter3DAttr items val_1 prev <nxt> Visibility on prev
turn on visibility of <NUMBER> <NUMBER> <NUMBER>,ExtractNumbers Query <nxt> SaveVal2Var prev var_1 <nxt> FilterType tasks root <nxt> FilterAttr task_id current_task_id prev <nxt> FilterType subtasks prev <nxt> FilterAttr subtask_id current_subtask_id prev <nxt> Unique prev <nxt> QueryAttr figure prev <nxt> Filter3DAttr name prev root3D <nxt> Unique prev <nxt> Filter3DAttr items val_1 prev <nxt> Visibility on prev
hide <NUMBER>,ExtractNumbers Query <nxt> SaveVal2Var prev var_1 <nxt> FilterType tasks root <nxt> FilterAttr task_id current_task_id prev <nxt> FilterType subtasks prev <nxt> FilterAttr subtask_id current_subtask_id prev <nxt> Unique prev <nxt> QueryAttr figure prev <nxt> Filter3DAttr name prev root3D <nxt> Unique prev <nxt> Filter3DAttr items val_1 prev <nxt> Visibility off prev
hide <NUMBER> <NUMBER>,ExtractNumbers Query <nxt> SaveVal2Var prev var_1 <nxt> FilterType tasks root <nxt> FilterAttr task_id current_task_id prev <nxt> FilterType subtasks prev <nxt> FilterAttr subtask_id current_subtask_id prev <nxt> Unique prev <nxt> QueryAttr figure prev <nxt> Filter3DAttr name prev root3D <nxt> Unique prev <nxt> Filter3DAttr items val_1 prev <nxt> Visibility off prev
hide <NUMBER> <NUMBER> <NUMBER>,ExtractNumbers Query <nxt> SaveVal2Var prev var_1 <nxt> FilterType tasks root <nxt> FilterAttr task_id current_task_id prev <nxt> FilterType subtasks prev <nxt> FilterAttr subtask_id current_subtask_id prev <nxt> Unique prev <nxt> QueryAttr figure prev <nxt> Filter3DAttr name prev root3D <nxt> Unique prev <nxt> Filter3DAttr items val_1 prev <nxt> Visibility off prev
make invisible <NUMBER>,ExtractNumbers Query <nxt> SaveVal2Var prev var_1 <nxt> FilterType tasks root <nxt> FilterAttr task_id current_task_id prev <nxt> FilterType subtasks prev <nxt> FilterAttr subtask_id current_subtask_id prev <nxt> Unique prev <nxt> QueryAttr figure prev <nxt> Filter3DAttr name prev root3D <nxt> Unique prev <nxt> Filter3DAttr items val_1 prev <nxt> Visibility off prev
make invisible <NUMBER> <NUMBER>,ExtractNumbers Query <nxt> SaveVal2Var prev var_1 <nxt> FilterType tasks root <nxt> FilterAttr task_id current_task_id prev <nxt> FilterType subtasks prev <nxt> FilterAttr subtask_id current_subtask_id prev <nxt> Unique prev <nxt> QueryAttr figure prev <nxt> Filter3DAttr name prev root3D <nxt> Unique prev <nxt> Filter3DAttr items val_1 prev <nxt> Visibility off prev
make invisible <NUMBER> <NUMBER> <NUMBER>,ExtractNumbers Query <nxt> SaveVal2Var prev var_1 <nxt> FilterType tasks root <nxt> FilterAttr task_id current_task_id prev <nxt> FilterType subtasks prev <nxt> FilterAttr subtask_id current_subtask_id prev <nxt> Unique prev <nxt> QueryAttr figure prev <nxt> Filter3DAttr name prev root3D <nxt> Unique prev <nxt> Filter3DAttr items val_1 prev <nxt> Visibility off prev
turn off visibility of <NUMBER>,ExtractNumbers Query <nxt> SaveVal2Var prev var_1 <nxt> FilterType tasks root <nxt> FilterAttr task_id current_task_id prev <nxt> FilterType subtasks prev <nxt> FilterAttr subtask_id current_subtask_id prev <nxt> Unique prev <nxt> QueryAttr figure prev <nxt> Filter3DAttr name prev root3D <nxt> Unique prev <nxt> Filter3DAttr items val_1 prev <nxt> Visibility off prev
turn off visibility of <NUMBER> <NUMBER>,ExtractNumbers Query <nxt> SaveVal2Var prev var_1 <nxt> FilterType tasks root <nxt> FilterAttr task_id current_task_id prev <nxt> FilterType subtasks prev <nxt> FilterAttr subtask_id current_subtask_id prev <nxt> Unique prev <nxt> QueryAttr figure prev <nxt> Filter3DAttr name prev root3D <nxt> Unique prev <nxt> Filter3DAttr items val_1 prev <nxt> Visibility off prev
turn off visibility of <NUMBER> <NUMBER> <NUMBER>,ExtractNumbers Query <nxt> SaveVal2Var prev var_1 <nxt> FilterType tasks root <nxt> FilterAttr task_id current_task_id prev <nxt> FilterType subtasks prev <nxt> FilterAttr subtask_id current_subtask_id prev <nxt> Unique prev <nxt> QueryAttr figure prev <nxt> Filter3DAttr name prev root3D <nxt> Unique prev <nxt> Filter3DAttr items val_1 prev <nxt> Visibility off prev
reset this figure,FilterType tasks root <nxt> FilterAttr task_id current_task_id prev <nxt> FilterType subtasks prev <nxt> FilterAttr subtask_id current_subtask_id prev <nxt> Unique prev <nxt> QueryAttr figure prev <nxt> Filter3DAttr name prev root3D <nxt> Unique prev <nxt> Reset prev
reconstruct this figure,FilterType tasks root <nxt> FilterAttr task_id current_task_id prev <nxt> FilterType subtasks prev <nxt> FilterAttr subtask_id current_subtask_id prev <nxt> Unique prev <nxt> QueryAttr figure prev <nxt> Filter3DAttr name prev root3D <nxt> Unique prev <nxt> Reset prev
set initial position for this figure,FilterType tasks root <nxt> FilterAttr task_id current_task_id prev <nxt> FilterType subtasks prev <nxt> FilterAttr subtask_id current_subtask_id prev <nxt> Unique prev <nxt> QueryAttr figure prev <nxt> Filter3DAttr name prev root3D <nxt> Unique prev <nxt> Reset prev
set initial look for this figure,FilterType tasks root <nxt> FilterAttr task_id current_task_id prev <nxt> FilterType subtasks prev <nxt> FilterAttr subtask_id current_subtask_id prev <nxt> Unique prev <nxt> QueryAttr figure prev <nxt> Filter3DAttr name prev root3D <nxt> Unique prev <nxt> Reset prev
set initial view for this figure,FilterType tasks root <nxt> FilterAttr task_id current_task_id prev <nxt> FilterType subtasks prev <nxt> FilterAttr subtask_id current_subtask_id prev <nxt> Unique prev <nxt> QueryAttr figure prev <nxt> Filter3DAttr name prev root3D <nxt> Unique prev <nxt> Reset prev
reset view for this figure,FilterType tasks root <nxt> FilterAttr task_id current_task_id prev <nxt> FilterType subtasks prev <nxt> FilterAttr subtask_id current_subtask_id prev <nxt> Unique prev <nxt> QueryAttr figure prev <nxt> Filter3DAttr name prev root3D <nxt> Unique prev <nxt> Reset prev
,NotUnderstood
 ,NotUnderstood
show the,NotUnderstood
display the,NotUnderstood
demonstrate,NotUnderstood
illustrate,NotUnderstood
show,NotUnderstood
make visible,NotUnderstood
turn on visibility of,NotUnderstood
hide,NotUnderstood
make invisible,NotUnderstood
turn off visibility of,NotUnderstood
execute,NotUnderstood
show execution of,NotUnderstood
run,NotUnderstood
run execution of,NotUnderstood
perform execution of,NotUnderstood
play execution of,NotUnderstood
present execution of,NotUnderstood
reset,NotUnderstood
reconstruct,NotUnderstood
set initial position for,NotUnderstood
set initial look for,NotUnderstood
set initial view for,NotUnderstood
reset view for,NotUnderstood
animate,NotUnderstood
explore,NotUnderstood
play animation of,NotUnderstood
stop animating,NotUnderstood
stop exploring,NotUnderstood
stop animation of,NotUnderstood
show side by side look,NotUnderstood
display side by side look,NotUnderstood
demonstrate side by side look,NotUnderstood
illustrate side by side look,NotUnderstood
show side by side view,NotUnderstood
display side by side view,NotUnderstood
demonstrate side by side view,NotUnderstood
illustrate side by side view,NotUnderstood
scale up,NotUnderstood
show scale up look,NotUnderstood
display scale up look,NotUnderstood
demonstrate scale up look,NotUnderstood
illustrate scale up look,NotUnderstood
show scale up view,NotUnderstood
display scale up view,NotUnderstood
demonstrate scale up view,NotUnderstood
illustrate scale up view,NotUnderstood
scale downscale down,NotUnderstood
show scale down look,NotUnderstood
display scale down look,NotUnderstood
demonstrate scale down look,NotUnderstood
illustrate scale down look,NotUnderstood
show scale down view,NotUnderstood
display scale down view,NotUnderstood
demonstrate scale down view,NotUnderstood
illustrate scale down view,NotUnderstood
show close look of,NotUnderstood
show closer,NotUnderstood
display close look of,NotUnderstood
display closer,NotUnderstood
demonstrate close look of,NotUnderstood
demonstrate closer,NotUnderstood
show close view of,NotUnderstood
view closer,NotUnderstood
display close view of,NotUnderstood
demonstrate close view of,NotUnderstood
show highlight of,NotUnderstood
highlight,NotUnderstood
display highlight of,NotUnderstood
turn on highlight of,NotUnderstood
hide highlight from,NotUnderstood
reset highlight of,NotUnderstood
turn off highlight of,NotUnderstood
remove highlight from,NotUnderstood
attach,NotUnderstood
install,NotUnderstood
connect,NotUnderstood
put,NotUnderstood
position,NotUnderstood
locate,NotUnderstood
detach,NotUnderstood
remove,NotUnderstood
disconnect,NotUnderstood
uninstall,NotUnderstood
disassemble,NotUnderstood
isolate,NotUnderstood
separate,NotUnderstood
